年月日,平均気温(℃),最高気温(℃),最低気温(℃)
2013/1/1,3.2,8.3,-1
2013/1/2,7.1,14.6,1.9
2013/1/3,2.9,4.6,1
2013/1/4,3,6.4,0.5
2013/1/5,3.8,7.5,-0.2
2013/1/6,5.6,9.3,2.4
2013/1/7,6,10.4,2.3
2013/1/8,6.6,11,3.4
2013/1/9,6.2,10,3.1
2013/1/10,4.9,8.2,2.9
2013/1/11,4.2,8.5,0.8
2013/1/12,4.9,11.5,0.2
2013/1/13,5.7,8.9,1
2013/1/14,5.8,9.2,2
2013/1/15,5.4,8.3,2.4
2013/1/16,4.5,8.4,1.1
2013/1/17,4.6,7.5,1.6
2013/1/18,2.8,5.9,0.3
2013/1/19,5.1,10.8,-1.1
2013/1/20,6.2,9.4,2.5
2013/1/21,5.3,9.3,0.3
2013/1/22,8.4,11.3,5.8
2013/1/23,6.6,8.8,3.7
2013/1/24,7.5,11.5,2.3
2013/1/25,5.6,9.3,1
2013/1/26,3.1,6,0.9
2013/1/27,2.7,7.2,-0.4
2013/1/28,3.9,7.4,0.6
2013/1/29,6.3,11.2,2.3
2013/1/30,7.7,12.3,4.3
2013/1/31,6.6,11.9,1.9
2013/2/1,9.3,15.8,1.5
2013/2/2,14.7,20.4,10.2
2013/2/3,9,11.9,6.5
2013/2/4,10.1,14.2,6.9
2013/2/5,7.2,10.7,4.3
2013/2/6,7.5,13,4.1
2013/2/7,7.5,12.2,2.6
2013/2/8,2.1,4.2,0.7
2013/2/9,2.5,6.3,-0.1
2013/2/10,5.3,11.5,-0.6
2013/2/11,5.9,9.6,2
2013/2/12,4.8,8,1.7
2013/2/13,6.2,9,3.3
2013/2/14,6.3,10,2.1
2013/2/15,5.8,7.8,3.3
2013/2/16,4.4,6.8,2.6
2013/2/17,3.8,6.5,0
2013/2/18,7.5,10.4,4.9
2013/2/19,3.4,7,0.9
2013/2/20,4.8,8.8,1
2013/2/21,4.8,8.7,1.4
2013/2/22,5.2,10.4,2.1
2013/2/23,6.7,11,1.9
2013/2/24,6.2,10,3.3
2013/2/25,4.1,7.7,1.1
2013/2/26,4.2,7.5,-0.1
2013/2/27,8.6,14.6,4.6
2013/2/28,8.8,13,6
2013/3/1,12.5,18.5,5.3
2013/3/2,6.6,10.3,4.1
2013/3/3,4.9,8.7,1.5
2013/3/4,6.3,11.3,0.7
2013/3/5,8.7,13.9,4.8
2013/3/6,8.7,15.2,1.6
2013/3/7,11.3,21,3.5
2013/3/8,14.6,22.6,7.5
2013/3/9,15.1,20.2,9.8
2013/3/10,10.6,24,4.3
2013/3/11,6.3,10.9,2.2
2013/3/12,8.8,16.4,1.2
2013/3/13,14.5,22.2,7.2
2013/3/14,6.4,8.8,3.7
2013/3/15,6.5,12.1,0.9
2013/3/16,11.1,18.4,3.2
2013/3/17,11.9,16.7,5.4
2013/3/18,17.6,20,14.1
2013/3/19,16.8,21.4,13.4
2013/3/20,14.1,18.9,10.3
2013/3/21,8.1,11.5,4.9
2013/3/22,9.2,13.7,2.6
2013/3/23,11.3,14.5,8.9
2013/3/24,11.4,14.9,7.8
2013/3/25,11,14.6,6.9
2013/3/26,8.8,12.1,5.1
2013/3/27,9.3,11.6,6.9
2013/3/28,13.5,16.5,11
2013/3/29,15.1,19.8,10.7
2013/3/30,12.2,15.8,9.1
2013/3/31,12.6,18.4,9.5
2013/4/1,11.6,16.1,6.6
2013/4/2,11.9,14.7,8.4
2013/4/3,13.4,16.9,10.5
2013/4/4,13.7,19.6,7.7
2013/4/5,16.4,23.5,8.8
2013/4/6,17.3,21.4,14.8
2013/4/7,12.9,18.5,9.5
2013/4/8,12.2,17.7,7.9
2013/4/9,14.4,20.6,9.3
2013/4/10,11.5,15,7.3
2013/4/11,9.8,15.2,5
2013/4/12,11,15.9,5.2
2013/4/13,11,15.4,6
2013/4/14,14.8,22.5,6.6
2013/4/15,16.2,21.5,11.1
2013/4/16,18.2,25.6,10.8
2013/4/17,19,22.6,14.9
2013/4/18,17.2,22,12.1
2013/4/19,12.8,17.2,8.7
2013/4/20,9.3,13.8,6.9
2013/4/21,10.2,14.8,7.2
2013/4/22,11.2,17.4,5.3
2013/4/23,13.5,19.3,6.5
2013/4/24,17.4,20.9,14.7
2013/4/25,16.9,21.3,12.8
2013/4/26,15.9,20.8,11.8
2013/4/27,15.5,21.1,10.6
2013/4/28,15.9,21.3,11.3
2013/4/29,18,24.6,11
2013/4/30,15.6,19.9,13.5
2013/5/1,13.7,18.1,10.5
2013/5/2,12.9,17.7,8.1
2013/5/3,13.4,18.3,8
2013/5/4,14.9,20.2,10.3
2013/5/5,16.4,22.4,11
2013/5/6,18.1,23.5,10.5
2013/5/7,16.3,19.9,12.3
2013/5/8,15.9,22.2,9.9
2013/5/9,18.4,25,11.9
2013/5/10,18,21.5,14.5
2013/5/11,18.2,19.6,15.7
2013/5/12,19,26.1,13.1
2013/5/13,19.8,26.3,13.5
2013/5/14,20.8,25.9,16.1
2013/5/15,21.2,26.5,17.2
2013/5/16,20.1,24.5,16.5
2013/5/17,18.2,22.8,14.9
2013/5/18,19.6,25.4,13.9
2013/5/19,19.1,21.8,18
2013/5/20,21.4,26.5,17.5
2013/5/21,22.1,26.7,17.7
2013/5/22,23.2,29.5,16.5
2013/5/23,23.6,29.2,19.1
2013/5/24,22.5,29.5,15.5
2013/5/25,21.9,27.7,15.9
2013/5/26,23,28,20.2
2013/5/27,22,24.4,19.8
2013/5/28,20.7,23.1,19.2
2013/5/29,22.9,26.4,20
2013/5/30,23.3,27.7,20.5
2013/5/31,22.1,26.4,18.2
2013/6/1,19.7,23.3,17.2
2013/6/2,19.8,23.1,16.7
2013/6/3,21.1,26.8,17.5
2013/6/4,22.4,28.6,16.9
2013/6/5,22.2,27.1,17.5
2013/6/6,23,26.2,19.7
2013/6/7,24.5,29.2,19.6
2013/6/8,23.3,27.2,19.9
2013/6/9,22,26.4,19.1
2013/6/10,22.4,27.4,18.3
2013/6/11,23.6,27.7,20.5
2013/6/12,27.3,32.2,22.5
2013/6/13,28.8,35.7,23.3
2013/6/14,28.3,33.5,25.1
2013/6/15,24.1,26.7,22.5
2013/6/16,26,30.8,22.3
2013/6/17,25.5,29.4,22.3
2013/6/18,26.3,30.4,22.5
2013/6/19,25.9,29.7,21.5
2013/6/20,20.8,22,19.6
2013/6/21,20,21.4,19.1
2013/6/22,22.3,25.7,18.1
2013/6/23,22.3,23.8,20.6
2013/6/24,22.2,25.9,19.2
2013/6/25,23.3,26,21.6
2013/6/26,22.2,23.6,21.1
2013/6/27,25,29.4,21.7
2013/6/28,23.5,25.3,22.1
2013/6/29,24.4,29.5,20.8
2013/6/30,24.3,28.3,21.8
2013/7/1,25.1,29.3,21.9
2013/7/2,24.8,29.2,22
2013/7/3,24.5,28.2,22.8
2013/7/4,24.6,28.3,22.5
2013/7/5,28.5,33.1,24.2
2013/7/6,28.4,34.4,23.2
2013/7/7,26.6,32.6,22.9
2013/7/8,27.3,32.4,24.1
2013/7/9,28.6,32.1,25.3
2013/7/10,29,32.8,25.2
2013/7/11,28.6,33.8,25.8
2013/7/12,27.8,30.8,25.2
2013/7/13,28.3,32.9,25.7
2013/7/14,27.7,31.9,25
2013/7/15,26.3,31.5,24.2
2013/7/16,27.4,32,23.4
2013/7/17,27.4,31.6,23.6
2013/7/18,29.2,33.8,25
2013/7/19,27.8,31.9,24.9
2013/7/20,27.4,31.3,23
2013/7/21,28.1,32.3,24.3
2013/7/22,28.6,32.8,25.6
2013/7/23,28.9,33,26.3
2013/7/24,28.9,33.4,25.8
2013/7/25,29.9,34.1,26.1
2013/7/26,28.7,32.2,25.7
2013/7/27,28.6,32.2,24.6
2013/7/28,28.2,32.7,25.1
2013/7/29,27.2,29,25.5
2013/7/30,27.5,29.3,26.2
2013/7/31,29.5,32.8,26.5
2013/8/1,30.5,36.2,26.3
2013/8/2,29.1,34,25
2013/8/3,28.8,33,25.5
2013/8/4,27.3,31.1,25.2
2013/8/5,26.9,31.5,24.9
2013/8/6,29.7,34.8,24.8
2013/8/7,30.6,35.8,26.4
2013/8/8,30,34.3,27.5
2013/8/9,30.1,33.6,26.6
2013/8/10,30.9,35.2,26.3
2013/8/11,32.6,38.2,28.4
2013/8/12,32.4,37.3,28.5
2013/8/13,31.5,36.9,27.1
2013/8/14,30.5,35.3,26.7
2013/8/15,29.5,35.5,25.4
2013/8/16,29.3,34,25.3
2013/8/17,28.5,33.6,24.6
2013/8/18,29.5,35.1,24.8
2013/8/19,30,35.9,26.1
2013/8/20,30,35.3,25.3
2013/8/21,30.2,35.6,26.1
2013/8/22,30.9,35.8,27.1
2013/8/23,29.7,33.9,26.9
2013/8/24,26.4,27.8,25.5
2013/8/25,25.2,26.3,23.9
2013/8/26,22.2,24.2,19.9
2013/8/27,26.8,32.2,21.8
2013/8/28,26.6,30.9,22.1
2013/8/29,27.9,33.1,22.1
2013/8/30,28,34.7,24.9
2013/8/31,28.7,33.9,24.4
2013/9/1,25.8,27.6,24
2013/9/2,24.9,25.7,24.1
2013/9/3,23.2,25.9,20.5
2013/9/4,21.5,27.3,19.1
2013/9/5,24.1,29,19.8
2013/9/6,24.9,29.4,20.8
2013/9/7,23.5,25.2,22.6
2013/9/8,24.6,28.7,22.2
2013/9/9,25.1,28.5,22.2
2013/9/10,26,31,21.9
2013/9/11,26.2,30.8,21.7
2013/9/12,27.3,30.9,23.4
2013/9/13,27.8,32.5,24.3
2013/9/14,27.4,31.8,24.9
2013/9/15,22.1,26.1,20.9
2013/9/16,24.5,28,19.8
2013/9/17,22.3,27.6,17.1
2013/9/18,23,29.1,16.8
2013/9/19,23.6,28.5,19.2
2013/9/20,23.9,28.9,18.7
2013/9/21,24.9,29.5,20.3
2013/9/22,26.4,30.4,23
2013/9/23,25.1,29.8,20.6
2013/9/24,24.6,30.1,19.6
2013/9/25,26.3,31.2,21.4
2013/9/26,22.3,25.5,19.7
2013/9/27,20.5,24.3,17.2
2013/9/28,22,27.1,16.7
2013/9/29,24,27.9,21.5
2013/9/30,23.3,27.1,19.3
2013/10/1,24.7,29,21.1
2013/10/2,24.9,29.7,21.1
2013/10/3,22.9,26.6,19.8
2013/10/4,21.2,24.2,18.4
2013/10/5,20.6,22.5,18.8
2013/10/6,24.8,29.7,20.7
2013/10/7,25.9,30.3,22.8
2013/10/8,24.8,27.5,22.4
2013/10/9,26.3,31.1,24
2013/10/10,25.8,28.9,22.6
2013/10/11,25.9,30,22.8
2013/10/12,22.4,25.6,17.6
2013/10/13,19.8,24,15.3
2013/10/14,20.6,25.6,15
2013/10/15,19.4,20.9,18
2013/10/16,18.6,21.4,14.8
2013/10/17,16.5,20.4,13.3
2013/10/18,16.7,19.4,14.2
2013/10/19,16.7,19.2,14.6
2013/10/20,17.2,18.7,15.6
2013/10/21,20,24.3,17
2013/10/22,20.2,22.6,16.6
2013/10/23,18.7,19.8,17.4
2013/10/24,19.1,20.1,18.5
2013/10/25,18,19.1,16.8
2013/10/26,16.8,19.9,13.9
2013/10/27,15.8,19.6,12.6
2013/10/28,14.9,19.8,11.2
2013/10/29,15.9,19.9,11.9
2013/10/30,17.5,23,12.1
2013/10/31,16.5,20.8,13.2
2013/11/1,16.5,21.1,12.3
2013/11/2,16.2,19.9,11.5
2013/11/3,18.3,20.3,15.9
2013/11/4,17.9,22.7,14.5
2013/11/5,15.1,19.6,11.1
2013/11/6,15,19.3,9.3
2013/11/7,18.4,23.5,15.1
2013/11/8,16,21,11.1
2013/11/9,16.1,19.7,10.7
2013/11/10,19.5,24.2,16.3
2013/11/11,14.1,17.1,10
2013/11/12,11.5,15.3,8.5
2013/11/13,11.4,14.8,8.4
2013/11/14,11.9,15.9,6.6
2013/11/15,13.7,17.2,10.9
2013/11/16,13.2,18.3,8.8
2013/11/17,13.1,19,6.7
2013/11/18,11.1,15.3,5.8
2013/11/19,9.3,14.1,5.5
2013/11/20,9.1,12.9,4.2
2013/11/21,10.1,15,5.2
2013/11/22,11.5,16.5,6.4
2013/11/23,11.4,16.2,8.3
2013/11/24,12,16.4,5.7
2013/11/25,16,18.7,12.9
2013/11/26,11.1,13.6,7.7
2013/11/27,11.5,16.5,6.2
2013/11/28,8,13.3,4
2013/11/29,6.8,11.6,1.9
2013/11/30,8,13.3,3.7
2013/12/1,10.1,15.7,4.5
2013/12/2,10.7,16.2,4.8
2013/12/3,10.5,15.2,5.3
2013/12/4,10.5,14.5,5.1
2013/12/5,10.5,15.7,6.3
2013/12/6,11.4,17.1,5.7
2013/12/7,10.3,14.5,6.9
2013/12/8,9.4,13.2,5.3
2013/12/9,9.3,13.3,3.3
2013/12/10,10.8,14.9,6.9
2013/12/11,7.9,12.4,3.6
2013/12/12,6,9.2,1.5
2013/12/13,5.6,12.6,1.1
2013/12/14,5.9,10.1,2.4
2013/12/15,7.9,11.2,4.3
2013/12/16,7.4,9.9,5.8
2013/12/17,8,10.8,5.5
2013/12/18,5.9,8.8,5
2013/12/19,8.2,11.9,5.7
2013/12/20,5,7,1.8
2013/12/21,7.5,10.1,5.5
2013/12/22,6.5,9.5,3.9
2013/12/23,6.1,10.1,2.7
2013/12/24,7.1,10.6,3.9
2013/12/25,6.1,9.8,4
2013/12/26,6.4,8.6,4.1
2013/12/27,6.4,9.4,2.7
2013/12/28,2.8,5.3,1.1
2013/12/29,3.8,7.2,0.6
2013/12/30,4.7,9.7,-0.3
2013/12/31,7.5,12.7,1.9
2014/1/1,8.5,14.1,2.4
2014/1/2,9.7,13.9,6
2014/1/3,7.2,11.2,2.1
2014/1/4,7.5,13.3,4
2014/1/5,5.2,7.9,1.4
2014/1/6,5.3,9.2,1.2
2014/1/7,4.9,9.8,-0.5
2014/1/8,6.7,8.5,4
2014/1/9,6.8,10.2,3.2
2014/1/10,3.6,7,1.1
2014/1/11,4.5,8.4,0.6
2014/1/12,5.1,9.6,0.3
2014/1/13,5,7.1,3.3
2014/1/14,4.7,7.9,2.9
2014/1/15,5.9,9.7,2.5
2014/1/16,6.5,10.9,3.3
2014/1/17,6.5,10.9,3
2014/1/18,5.6,9.4,3.3
2014/1/19,3.7,6.9,1.7
2014/1/20,5,11.7,-1.7
2014/1/21,5.1,8.6,2.3
2014/1/22,4.7,7.8,2.4
2014/1/23,5.4,10.5,1.7
2014/1/24,5.1,10.2,-0.6
2014/1/25,8.7,15,1.7
2014/1/26,8.1,12.1,3
2014/1/27,3.3,7,0.1
2014/1/28,5.9,11.2,-1.6
2014/1/29,7.7,11.7,4.4
2014/1/30,9.7,13.9,4.1
2014/1/31,11.7,14.6,5
2014/2/1,8.4,14,2.5
2014/2/2,11.9,17.4,8.1
2014/2/3,11.9,15.3,7.3
2014/2/4,6.2,11.4,2.6
2014/2/5,3.3,6.7,1.7
2014/2/6,2.1,4.6,1
2014/2/7,3,5.4,0.4
2014/2/8,2.6,4.8,0.5
2014/2/9,5.9,9.7,3
2014/2/10,4.4,6,2.6
2014/2/11,2.8,5.2,1
2014/2/12,4.6,8.1,2.1
2014/2/13,4.6,7.4,2.3
2014/2/14,1.8,4.2,0.4
2014/2/15,5.9,10,2.5
2014/2/16,6.8,10.7,4.1
2014/2/17,6.6,12.9,2.5
2014/2/18,3.8,5.3,2.3
2014/2/19,4.2,6.3,3.1
2014/2/20,5.1,8.7,2.9
2014/2/21,4.7,9.3,0.9
2014/2/22,5,9.3,1.8
2014/2/23,5.7,9.8,2.2
2014/2/24,5.7,11.2,0.7
2014/2/25,8.4,14.2,2.4
2014/2/26,8.5,12.3,2.9
2014/2/27,12.6,16,9
2014/2/28,12.9,15.6,10.2
2014/3/1,9.7,11.3,8.4
2014/3/2,9.6,13.1,7.9
2014/3/3,7.1,10.2,4
2014/3/4,6.7,11.7,0.7
2014/3/5,7.9,9.9,5.4
2014/3/6,4.8,7.4,3.1
2014/3/7,4.7,8.9,0.7
2014/3/8,6.1,10.6,1.6
2014/3/9,7.5,12.1,4.2
2014/3/10,4.4,8.3,2
2014/3/11,6.2,11.7,2.4
2014/3/12,9.3,15.6,1.5
2014/3/13,13,17.6,7.7
2014/3/14,6.7,10.5,4.3
2014/3/15,6.9,11.8,2.8
2014/3/16,9.5,15.7,2
2014/3/17,12.4,18.4,5.9
2014/3/18,12.6,16.1,7.7
2014/3/19,11.9,15.4,8
2014/3/20,11.2,13.7,9.1
2014/3/21,7.2,10.6,5
2014/3/22,8.2,13.2,3.8
2014/3/23,10.7,15.7,5.6
2014/3/24,12,17.2,5.4
2014/3/25,14.6,18.9,11.1
2014/3/26,15,20.4,12.2
2014/3/27,15.6,19.4,10.9
2014/3/28,13.8,20.4,8.4
2014/3/29,15.6,21.7,11.4
2014/3/30,17.4,21.4,13.9
2014/3/31,14.3,18.4,10.8
2014/4/1,12.8,18.1,8.5
2014/4/2,14.2,18.9,8.6
2014/4/3,15.1,20.2,10.1
2014/4/4,11.6,14.7,6.8
2014/4/5,7.6,11.4,4.5
2014/4/6,7.7,11.4,5.2
2014/4/7,9,13.5,4.2
2014/4/8,12.6,18.1,5.1
2014/4/9,15.3,20.4,10.7
2014/4/10,15.7,24,10.2
2014/4/11,12.2,17.3,8.4
2014/4/12,12.4,16.5,6.8
2014/4/13,11.6,13.6,9.9
2014/4/14,14.5,20.6,9.2
2014/4/15,13.3,18.5,6.9
2014/4/16,15.3,19.6,10.5
2014/4/17,17.1,22.3,11.5
2014/4/18,15.2,18,12.7
2014/4/19,14.5,18.7,10.1
2014/4/20,12.1,14.6,9.5
2014/4/21,14.8,18.7,12.4
2014/4/22,15.5,17,13.2
2014/4/23,16.4,22.5,10.7
2014/4/24,15.9,22.3,10
2014/4/25,16.1,22.7,8.9
2014/4/26,17.4,23,10.9
2014/4/27,18.1,22.1,15
2014/4/28,16.8,18.2,15.5
2014/4/29,16.6,18.9,15.2
2014/4/30,18.3,22.5,14.9
2014/5/1,18.7,23.6,15
2014/5/2,18.9,23.4,14.9
2014/5/3,19.1,25.7,13.4
2014/5/4,17.3,21.9,11.5
2014/5/5,16.5,18.2,14.4
2014/5/6,15.9,21,11.2
2014/5/7,16.8,21.8,10.7
2014/5/8,17.5,22.3,10.7
2014/5/9,19.7,26,15.1
2014/5/10,17.6,22.4,12.6
2014/5/11,18.9,24.7,13.2
2014/5/12,18.8,20.1,17.5
2014/5/13,21.7,28.3,17.1
2014/5/14,18.4,23.5,14.4
2014/5/15,17.6,21.3,14.9
2014/5/16,20.8,26.4,14.5
2014/5/17,19.5,23.7,15.4
2014/5/18,19.7,25.6,14.1
2014/5/19,19.7,24.6,15.4
2014/5/20,18.9,22.6,16.1
2014/5/21,19.3,23.6,16
2014/5/22,20.6,26.1,14.6
2014/5/23,19.3,23.1,15.8
2014/5/24,19.9,26.2,13.4
2014/5/25,21.7,26.5,17.7
2014/5/26,19.3,21.7,17.3
2014/5/27,19.9,23.3,17.3
2014/5/28,20.7,28.7,13.5
2014/5/29,22,26.3,17.3
2014/5/30,23.1,28.8,18.5
2014/5/31,24.1,28.4,19.7
2014/6/1,25,31.5,19.1
2014/6/2,23.6,29,20.3
2014/6/3,22.4,25.1,20.9
2014/6/4,21.6,25.1,19.1
2014/6/5,20.6,23.4,17.9
2014/6/6,21,23.5,19.1
2014/6/7,23.3,27.1,20.5
2014/6/8,23.4,27.6,20.1
2014/6/9,24.1,29.5,20.1
2014/6/10,23.9,27.9,21.6
2014/6/11,22.7,25.4,20.5
2014/6/12,22.8,25.9,20.4
2014/6/13,23.1,27.8,19.3
2014/6/14,23.2,27.2,19.6
2014/6/15,23.4,26.9,20
2014/6/16,23.2,26.8,19.9
2014/6/17,20.6,22.7,18.6
2014/6/18,19.7,22.4,18
2014/6/19,22.6,26.9,18
2014/6/20,23.6,28.2,19.5
2014/6/21,23,26.6,20.1
2014/6/22,21.1,22.9,19.7
2014/6/23,23.3,27,20.5
2014/6/24,23.8,28.5,20.4
2014/6/25,24.2,29,20.3
2014/6/26,24.5,28.2,21.3
2014/6/27,22.3,25.5,20.4
2014/6/28,24,28.6,20.4
2014/6/29,25.8,30,22.8
2014/6/30,24.6,28.4,21.4
2014/7/1,25.3,30.5,20.9
2014/7/2,24.8,28.9,21.4
2014/7/3,21.9,24.2,20.3
2014/7/4,24.8,28.5,21.5
2014/7/5,25.5,28.6,22.6
2014/7/6,23.9,27.4,21.9
2014/7/7,23.7,25.6,22.4
2014/7/8,25.4,29.3,22.4
2014/7/9,26.3,28.2,24.2
2014/7/10,26.3,28.2,25.2
2014/7/11,29.1,33,26.3
2014/7/12,27.1,30.3,24.3
2014/7/13,26,32.5,22.5
2014/7/14,25.7,29.3,24.6
2014/7/15,26.9,30.7,23.9
2014/7/16,27.4,32.5,24
2014/7/17,28.2,32.6,25.2
2014/7/18,28,31.1,25.4
2014/7/19,27.1,31.5,23.8
2014/7/20,26.6,31.8,22.2
2014/7/21,26.8,30.8,23
2014/7/22,27.4,31.5,23.6
2014/7/23,28.3,32.3,24.4
2014/7/24,29.8,33.6,25.5
2014/7/25,31,35.1,27.3
2014/7/26,29.6,34,26.1
2014/7/27,29.1,32.9,25.7
2014/7/28,27.1,30.9,24.1
2014/7/29,27.7,32.7,22.8
2014/7/30,27.9,32.9,25.4
2014/7/31,28.8,33.4,25.2
2014/8/1,27.8,31.4,24.6
2014/8/2,24.4,24.9,23.6
2014/8/3,24.8,26.2,24
2014/8/4,25.8,27.2,24.4
2014/8/5,27.8,32.1,25.3
2014/8/6,25.8,30.6,24.1
2014/8/7,26.9,31.5,23.6
2014/8/8,25.3,29.9,21.7
2014/8/9,24.1,26.9,21.7
2014/8/10,27.3,30.6,24.8
2014/8/11,26.4,30,24.3
2014/8/12,25.9,28.9,23.5
2014/8/13,26.6,30.2,22.9
2014/8/14,28.4,33.3,25.5
2014/8/15,28.7,32,27
2014/8/16,26.9,28.4,25.6
2014/8/17,28.3,33.9,24.9
2014/8/18,27.4,32.6,24.5
2014/8/19,28.5,34.4,24
2014/8/20,29,33.8,24.6
2014/8/21,29.5,34.3,25.9
2014/8/22,26.7,29,24.6
2014/8/23,26.1,30.3,23.5
2014/8/24,25.9,31,24.1
2014/8/25,26.3,30.7,23.5
2014/8/26,28,32.1,24.2
2014/8/27,27.7,31.8,24.1
2014/8/28,23.4,24.9,21.5
2014/8/29,23.1,26.1,20.5
2014/8/30,24.5,28.8,20.1
2014/8/31,25.3,28.7,22.8
2014/9/1,23.8,24.9,21.9
2014/9/2,25.2,29.5,20.9
2014/9/3,25.4,27.6,24.3
2014/9/4,26,28.9,24.2
2014/9/5,26,28.2,24.3
2014/9/6,25.1,30.7,21.6
2014/9/7,25,29.5,21.6
2014/9/8,25.4,28.5,22.4
2014/9/9,25.2,30.7,20.8
2014/9/10,25.1,30.8,20.5
2014/9/11,23.9,27.7,20.7
2014/9/12,22.8,26.7,19.7
2014/9/13,23.3,27.6,20.1
2014/9/14,23.1,28.3,19.1
2014/9/15,23.6,28.3,17.8
2014/9/16,25.3,29.6,22.2
2014/9/17,24,27.9,21.1
2014/9/18,22.7,26.5,19.6
2014/9/19,20.5,22.8,18.8
2014/9/20,19.7,22.4,17.2
2014/9/21,21.8,26.4,16.9
2014/9/22,22.9,27.7,19.1
2014/9/23,23.1,28,18.1
2014/9/24,24.6,28.4,22.5
2014/9/25,24.8,30.1,21.7
2014/9/26,23.6,27.5,19.8
2014/9/27,23.4,28.3,18.8
2014/9/28,23.7,27.9,19.2
2014/9/29,23,27.3,18.9
2014/9/30,23.6,28,20
2014/10/1,24.1,27.5,22
2014/10/2,23.5,26.5,20.8
2014/10/3,24.4,28.1,22
2014/10/4,22.1,23.6,20.7
2014/10/5,21.4,23.1,19.5
2014/10/6,21.4,25.6,17.2
2014/10/7,19.1,23.2,15.5
2014/10/8,19.6,24.7,14.9
2014/10/9,20.2,23.6,17.4
2014/10/10,22.1,26,18.1
2014/10/11,21.1,23.3,18.6
2014/10/12,21.7,26,17.5
2014/10/13,20.8,24.2,17.7
2014/10/14,18.8,21.7,15.2
2014/10/15,16.6,20.5,13.6
2014/10/16,17.1,22.6,12.1
2014/10/17,18.1,21.7,15
2014/10/18,16.2,21.2,12.5
2014/10/19,18,23.8,11.3
2014/10/20,18.9,20,16.9
2014/10/21,20.9,24.7,16.2
2014/10/22,18.6,21.2,16.5
2014/10/23,17.6,20.7,13.5
2014/10/24,16.4,21.7,11.4
2014/10/25,18,22.8,13.2
2014/10/26,19.6,24,14
2014/10/27,19,24.5,13.8
2014/10/28,14.8,18.7,10.9
2014/10/29,14.2,18.3,10.6
2014/10/30,16.6,21.4,12.2
2014/10/31,18,21.6,15.5
2014/11/1,19.3,21.1,18.1
2014/11/2,18.7,21.2,16.3
2014/11/3,14.9,18,10.9
2014/11/4,13.6,18.3,9.6
2014/11/5,14.5,18.3,9.4
2014/11/6,16.6,20.4,13.7
2014/11/7,15.7,19.1,12.9
2014/11/8,14.5,18.5,11
2014/11/9,14.4,15.2,13.2
2014/11/10,16,19.3,13.5
2014/11/11,14.8,18.6,11.5
2014/11/12,16.8,20.9,13.5
2014/11/13,11.4,15.3,7.8
2014/11/14,9.5,12.8,6.4
2014/11/15,11,16.1,4.9
2014/11/16,11.3,15.8,7.1
2014/11/17,12,17,7.1
2014/11/18,11.5,14.7,9.2
2014/11/19,11.3,15.2,8.2
2014/11/20,10.5,15.8,6.5
2014/11/21,11.3,17.2,5.3
2014/11/22,14.8,19.7,10.1
2014/11/23,14.8,19.7,10.8
2014/11/24,13.6,18.3,8.6
2014/11/25,14.3,15.4,13.2
2014/11/26,14.5,17,12.9
2014/11/27,12.9,17.5,8.5
2014/11/28,15.4,21.9,7.8
2014/11/29,17.5,20.4,13.4
2014/11/30,14.4,17.7,9.5
2014/12/1,14.9,19.6,7.4
2014/12/2,6.6,9.8,4.5
2014/12/3,8.6,13.2,5.4
2014/12/4,7.3,9.3,5.4
2014/12/5,4.8,8,2.3
2014/12/6,4.8,8,2.3
2014/12/7,6.5,10.4,3.6
2014/12/8,7.7,12.5,4.3
2014/12/9,8.9,12.8,4.8
2014/12/10,8.7,14,3.8
2014/12/11,10.9,13.6,8.7
2014/12/12,7.7,10.4,4.3
2014/12/13,4.5,8.2,0.6
2014/12/14,5,8.2,2.5
2014/12/15,6.2,10.4,2.7
2014/12/16,6.4,10.1,1.4
2014/12/17,1.7,3.5,-0.3
2014/12/18,3.3,6.1,1.1
2014/12/19,4.8,8.6,0.8
2014/12/20,7.6,11.1,4.3
2014/12/21,6,9.1,3.8
2014/12/22,3.6,6.2,1.3
2014/12/23,7.2,11.3,2.5
2014/12/24,5.9,11.7,0.9
2014/12/25,8.3,11.7,5.2
2014/12/26,6.4,9,4.3
2014/12/27,5.7,9.9,1.6
2014/12/28,4.1,6.5,-0.1
2014/12/29,7.8,12.7,5.6
2014/12/30,9,13.7,2.7
2014/12/31,8.2,15.3,3.1
2015/1/1,3,5.9,1.2
2015/1/2,2.8,7.5,0.8
2015/1/3,4.6,9.3,0.6
2015/1/4,5.7,10.6,0.1
2015/1/5,8.7,11.8,6
2015/1/6,10.9,16.2,5.5
2015/1/7,7,9.8,5.4
2015/1/8,6.1,9,4.6
2015/1/9,6.6,10.2,4.5
2015/1/10,6.6,10.1,4.5
2015/1/11,7.1,12.2,1.9
2015/1/12,5.7,8,4
2015/1/13,6.3,9.5,2.1
2015/1/14,5.8,8.4,1.2
2015/1/15,7.4,9.5,5.6
2015/1/16,8.1,11.6,5.3
2015/1/17,6.4,9.7,4.1
2015/1/18,5.8,9.9,2.9
2015/1/19,6.4,10.2,2.9
2015/1/20,7,11.3,3.6
2015/1/21,7,10.1,3.2
2015/1/22,8.1,10.4,6.5
2015/1/23,7,9.3,4
2015/1/24,6.1,10.6,2.8
2015/1/25,7.6,11.3,3.4
2015/1/26,9.1,14.6,4.4
2015/1/27,11.7,16.5,6.3
2015/1/28,4.4,6.3,2.4
2015/1/29,4,6.7,1.1
2015/1/30,5.4,8.4,3.2
2015/1/31,4.8,7.9,2.4
2015/2/1,4.1,7.7,1.7
2015/2/2,4.8,8.6,1.4
2015/2/3,5.9,9.2,3
2015/2/4,6,10.1,2.6
2015/2/5,6.5,9.3,4.4
2015/2/6,6,9.7,2.4
2015/2/7,5.2,9.8,0.1
2015/2/8,5.4,12.1,0.2
2015/2/9,1.7,5.1,-0.4
2015/2/10,5.1,9.4,0.4
2015/2/11,6.9,13.3,-0.1
2015/2/12,8.4,13.3,3.1
2015/2/13,4.7,8,2
2015/2/14,6.5,11.5,2.1
2015/2/15,8.4,13.1,5
2015/2/16,7.3,10.5,4.6
2015/2/17,8.8,13.2,5.7
2015/2/18,8.1,11.3,5.7
2015/2/19,6.7,10.1,4.2
2015/2/20,6.2,9.7,3.9
2015/2/21,8,16,0
2015/2/22,12.8,16.8,9.2
2015/2/23,11.7,15.7,6.7
2015/2/24,9,13.3,5.1
2015/2/25,9.3,12.7,5.6
2015/2/26,8.8,10.6,7.2
2015/2/27,7.7,10.7,3.9
2015/2/28,6.4,9.9,2.5
2015/3/1,8.3,12.6,6.6
2015/3/2,8,12.1,3.7
2015/3/3,6.9,11.8,2.1
2015/3/4,10.3,15.7,5.4
2015/3/5,6.7,10.4,4.1
2015/3/6,6.5,8.2,4.6
2015/3/7,7.2,8.2,6.2
2015/3/8,9.7,14.1,6.8
2015/3/9,7.6,10.2,5.5
2015/3/10,4.3,8.2,0.8
2015/3/11,5.4,9.8,0.4
2015/3/12,7.5,12.6,1.5
2015/3/13,7.1,13.1,0.4
2015/3/14,8.2,12.2,4.9
2015/3/15,8.1,9,5.8
2015/3/16,11.2,14.6,8.6
2015/3/17,11.5,15.8,6
2015/3/18,14.1,17.4,9.2
2015/3/19,16.6,19.9,13.1
2015/3/20,14.3,18.4,11.1
2015/3/21,12.6,17.5,9.4
2015/3/22,13.5,18.6,7.8
2015/3/23,10.7,13,7.3
2015/3/24,7.8,11.8,4.9
2015/3/25,7.6,12.4,3.5
2015/3/26,8.6,14.7,3.6
2015/3/27,10.1,16,3
2015/3/28,14.1,19.8,8.1
2015/3/29,13,15.3,11.5
2015/3/30,13.9,19.1,9.7
2015/3/31,15,21.2,8.5
2015/4/1,15.8,19.4,12.9
2015/4/2,15,20.2,11.7
2015/4/3,19.2,22.8,15.7
2015/4/4,17.5,22.1,14.5
2015/4/5,18,20.4,16.7
2015/4/6,16.2,18.5,11.6
2015/4/7,10.3,11.7,9
2015/4/8,7.6,10.7,4.9
2015/4/9,10.6,13.8,7.7
2015/4/10,11.2,12.9,10.4
2015/4/11,12.9,17.2,10.4
2015/4/12,13,17.3,8.9
2015/4/13,13,15.6,10.9
2015/4/14,14.6,19.3,10.7
2015/4/15,13.2,18.2,8.2
2015/4/16,15.2,20.2,9.2
2015/4/17,15.4,19.7,11.6
2015/4/18,15.4,21.7,7.2
2015/4/19,17.5,21.7,13.9
2015/4/20,20,26.1,15.7
2015/4/21,14.6,18.4,11.9
2015/4/22,14.8,20.4,8.2
2015/4/23,18,23.6,13
2015/4/24,17.5,23.7,10.8
2015/4/25,18.5,23.6,14
2015/4/26,17.8,23.3,10.8
2015/4/27,19.3,25.8,13.2
2015/4/28,18.7,22.5,14.1
2015/4/29,18.9,22.2,16.4
2015/4/30,19.1,24,15.1
2015/5/1,19.8,25.5,14.1
2015/5/2,20.6,26.3,14.7
2015/5/3,19.8,23.9,17.4
2015/5/4,20.6,24.6,17.5
2015/5/5,19.1,24,14.9
2015/5/6,19.3,24.3,13.5
2015/5/7,19.3,22.5,16.8
2015/5/8,20.9,26,15.4
2015/5/9,18.3,20.5,15
2015/5/10,19.5,25.4,15
2015/5/11,18.4,23.4,13.2
2015/5/12,19.2,23.1,14.9
2015/5/13,19.9,27,11.6
2015/5/14,18.9,23.5,13.9
2015/5/15,21.7,25.8,18.1
2015/5/16,21.2,23,19.1
2015/5/17,20.7,26.5,16.5
2015/5/18,19.5,24.8,15.2
2015/5/19,22.8,28.3,18.9
2015/5/20,21.2,27.4,15.6
2015/5/21,19.2,25.8,13.8
2015/5/22,20,24.6,14.4
2015/5/23,20.4,22.9,18.1
2015/5/24,21.7,27.1,17.4
2015/5/25,22,26.9,16.2
2015/5/26,24.1,31.4,17.5
2015/5/27,23.9,30.5,17.4
2015/5/28,23.2,28.9,17.6
2015/5/29,24.4,29.1,21.2
2015/5/30,23.1,27.9,19.2
2015/5/31,22.7,26.9,20
2015/6/1,22.8,28.6,17.2
2015/6/2,23.5,28.8,19.3
2015/6/3,21.8,23.1,19
2015/6/4,21.8,27.6,15.7
2015/6/5,16.5,18.7,15.2
2015/6/6,20.1,25.1,15.2
2015/6/7,20.6,24.3,15.9
2015/6/8,21.1,23.7,19.3
2015/6/9,22.2,24.8,20.2
2015/6/10,22.8,26.9,19.1
2015/6/11,21,22.5,19.8
2015/6/12,23.9,28.1,21
2015/6/13,24.6,29.9,19.1
2015/6/14,21.4,24.1,20.4
2015/6/15,23.2,28.6,19.3
2015/6/16,22.6,25.7,20.9
2015/6/17,23.6,27.9,20.1
2015/6/18,20.8,22.9,19.3
2015/6/19,20.2,23.1,18.5
2015/6/20,22.3,26.1,19
2015/6/21,23.4,27.8,19.6
2015/6/22,23,25.4,20.1
2015/6/23,23.5,26.3,21.1
2015/6/24,24.3,28.8,21.4
2015/6/25,25.7,31.1,22.4
2015/6/26,23.6,25.8,21.4
2015/6/27,24.1,26.7,21.4
2015/6/28,22.9,27.3,19.8
2015/6/29,22.5,26.3,18.5
2015/6/30,22.7,27.2,20.8
2015/7/1,23.5,27.1,21
2015/7/2,23.4,27.6,20.1
2015/7/3,22.9,26.4,20.2
2015/7/4,21.8,23.5,19.7
2015/7/5,21.3,23.9,19.3
2015/7/6,21.9,23.8,20
2015/7/7,22.6,24.4,20.7
2015/7/8,24.4,27,23.3
2015/7/9,25.2,28,23.1
2015/7/10,26.1,29.7,23.9
2015/7/11,26,29.9,23.7
2015/7/12,26.3,30.6,24
2015/7/13,28.5,32.9,26
2015/7/14,28.8,32.1,25.9
2015/7/15,28.2,32.9,24.4
2015/7/16,25,26.6,23.4
2015/7/17,23.2,24.3,21.8
2015/7/18,24.6,28,21.2
2015/7/19,26.5,30.3,24.6
2015/7/20,27.1,30.5,24.5
2015/7/21,26.2,31.5,23.7
2015/7/22,25,27,23.6
2015/7/23,24.4,27,22.9
2015/7/24,26.3,30.8,23.2
2015/7/25,27.5,33,23.3
2015/7/26,27.9,33.1,23.1
2015/7/27,28.7,32.6,25.9
2015/7/28,28.3,32.2,24.8
2015/7/29,29.6,34.9,25.5
2015/7/30,30.5,35.8,26.3
2015/7/31,30.6,35.1,26.6
2015/8/1,30.3,35.9,26.7
2015/8/2,29.2,33.6,25.5
2015/8/3,29.1,33.6,25.2
2015/8/4,29.1,33.6,25.6
2015/8/5,29.7,34.1,25.4
2015/8/6,29.4,33.8,26.6
2015/8/7,29.5,33.9,25.9
2015/8/8,29.9,35.2,25.8
2015/8/9,29.5,34.1,25.5
2015/8/10,30.1,35.3,26.2
2015/8/11,29.8,34.2,26.5
2015/8/12,27.1,30.1,24.4
2015/8/13,27.2,31.4,24
2015/8/14,28,32,25.5
2015/8/15,28.1,33.5,23.7
2015/8/16,25.6,29.1,23.4
2015/8/17,25.4,30.3,23.7
2015/8/18,26.5,31.7,22.8
2015/8/19,24.9,26.4,23.5
2015/8/20,26.6,30.4,24.4
2015/8/21,27.9,31.9,24.8
2015/8/22,28.9,33.2,25.7
2015/8/23,28,32.1,23.7
2015/8/24,27.4,31.5,23.6
2015/8/25,26.6,29,24.5
2015/8/26,26.6,30.1,23.9
2015/8/27,26.4,31,22.8
2015/8/28,26.2,30.4,22.3
2015/8/29,25,29,23.5
2015/8/30,24.5,27.2,23
2015/8/31,24.6,26.5,23.1
2015/9/1,25.1,29.7,23.2
2015/9/2,25.8,29.9,23.4
2015/9/3,23.3,25.1,22.1
2015/9/4,25.2,30.3,20.8
2015/9/5,24.6,27.8,21
2015/9/6,23.9,25.4,22.2
2015/9/7,22.7,23.6,21.4
2015/9/8,22.2,23.6,21.4
2015/9/9,23.1,26.4,20.9
2015/9/10,24.2,28.2,21.7
2015/9/11,23.5,27.9,18.6
2015/9/12,23.3,27.7,17.8
2015/9/13,24.5,28.4,21.5
2015/9/14,22.7,26.1,19.5
2015/9/15,22.5,26.1,18.8
2015/9/16,21.8,23.7,19.7
2015/9/17,20.9,22.2,19.6
2015/9/18,22.9,27,20.2
2015/9/19,22.6,26.5,18.5
2015/9/20,22.7,26.9,18.8
2015/9/21,22.5,26.1,19.2
2015/9/22,23.2,26.9,19.2
2015/9/23,24.4,28.9,20.1
2015/9/24,20.8,22.5,19.5
2015/9/25,22.9,26.9,20.1
2015/9/26,24.2,27.6,22.3
2015/9/27,23.4,27.2,19.6
2015/9/28,23.1,28.5,18
2015/9/29,22.7,26.5,18.6
2015/9/30,20.1,23.7,17.8
2015/10/1,21.8,27,18.3
2015/10/2,22.4,26.5,17.5
2015/10/3,20.8,27.2,15.5
2015/10/4,21.6,26.5,17.6
2015/10/5,18.5,20.5,16.2
2015/10/6,19.2,23.3,15.7
2015/10/7,19.6,23.9,15.4
2015/10/8,19.7,24.3,14.9
2015/10/9,19.7,24.2,16
2015/10/10,18.9,22.6,14.5
2015/10/11,19.3,22.1,16
2015/10/12,18.4,22.8,12.2
2015/10/13,18.8,22.7,14.7
2015/10/14,17.7,23.3,13.6
2015/10/15,17.2,22.4,12.1
2015/10/16,18.2,23.7,12.8
2015/10/17,19.2,24.2,14.1
2015/10/18,20.5,25.8,14.9
2015/10/19,19.4,23.9,15.5
2015/10/20,19.9,25.8,13.9
2015/10/21,19.8,24.3,16.1
2015/10/22,19.3,23.6,15.4
2015/10/23,18.7,23.4,15.6
2015/10/24,19.4,23.8,14.4
2015/10/25,17.4,20,13.6
2015/10/26,14.5,19.3,11
2015/10/27,18.6,25.9,9.9
2015/10/28,18.3,21.3,15.1
2015/10/29,16.5,21,12.9
2015/10/30,16.9,21.7,12.8
2015/10/31,14.7,18.2,11.7
2015/11/1,13.4,16.8,10
2015/11/2,13.7,16.9,11.1
2015/11/3,15.6,19.9,11.3
2015/11/4,15.6,20.7,9.9
2015/11/5,17,23,12.2
2015/11/6,17.9,22.1,13
2015/11/7,19,20.7,16.3
2015/11/8,20.2,23.5,18.2
2015/11/9,19.7,21.1,18.6
2015/11/10,17.6,20.4,15.1
2015/11/11,15.6,18.7,13.5
2015/11/12,15.2,19,12.3
2015/11/13,15.3,19.2,13
2015/11/14,19.4,20.9,18.1
2015/11/15,18.7,22,15.3
2015/11/16,16.3,19.9,11.4
2015/11/17,16.9,18.3,14.9
2015/11/18,17.1,18.1,16.2
2015/11/19,15.9,17,14.2
2015/11/20,15.6,19.5,12.9
2015/11/21,15.9,19.2,13.8
2015/11/22,15.3,18.8,12.3
2015/11/23,15.3,16.5,13.5
2015/11/24,15.7,19.6,12.3
2015/11/25,11.7,13.2,10.7
2015/11/26,10.6,13.6,7.1
2015/11/27,7.8,11.5,4.3
2015/11/28,9.5,12.5,6.1
2015/11/29,10,13.5,7.1
2015/11/30,11,15.8,6.4
2015/12/1,11.3,15.2,7.5
2015/12/2,13.1,19.1,5.5
2015/12/3,12.4,16.2,8.3
2015/12/4,9.3,11.6,7.2
2015/12/5,11.1,15.1,6.4
2015/12/6,11.4,13.2,9.9
2015/12/7,11.3,14.1,9.1
2015/12/8,10.7,14.1,7.8
2015/12/9,10.4,14.6,6.6
2015/12/10,13.8,19.5,9.9
2015/12/11,16.3,20.5,13
2015/12/12,12.3,14.4,11.2
2015/12/13,12,16.1,9.9
2015/12/14,11.9,16.2,9.1
2015/12/15,12.4,15.7,8.8
2015/12/16,11.8,15,8.5
2015/12/17,7.1,9.4,4.7
2015/12/18,6.8,10.3,3.9
2015/12/19,8.4,11.7,5.6
2015/12/20,7.9,11.7,3.2
2015/12/21,10.4,13,8.3
2015/12/22,11,15.9,6.8
2015/12/23,10,13.7,6.3
2015/12/24,12.9,16.4,10.5
2015/12/25,11,13.7,7.6
2015/12/26,9.6,13.8,6.1
2015/12/27,9.9,12.8,7
2015/12/28,8,12,4.2
2015/12/29,6.8,9.8,4.6
2015/12/30,6.2,11.2,2.7
2015/12/31,7.6,13.5,3.6
2016/1/1,7.8,12.2,3.5
2016/1/2,7.9,13.2,2
2016/1/3,10.8,15.6,7.6
2016/1/4,11.8,18.2,5.3
2016/1/5,10.3,12.8,8.8
2016/1/6,10.2,12.7,8
2016/1/7,9.3,12.5,7
2016/1/8,7.8,12,3.7
2016/1/9,7.6,11.1,4.6
2016/1/10,7.9,12.6,4.3
2016/1/11,8.8,12.5,5.3
2016/1/12,7.7,10.3,5.3
2016/1/13,6.4,10.7,3
2016/1/14,6.3,10.8,1.9
2016/1/15,6.1,9.6,3.9
2016/1/16,5.8,10.6,2.4
2016/1/17,6.1,9.8,1.4
2016/1/18,8.6,13,5.3
2016/1/19,1.8,5.9,0
2016/1/20,4.3,8.6,-0.4
2016/1/21,5.9,8.6,2.6
2016/1/22,5.8,8.6,3.8
2016/1/23,4.3,7.1,1.4
2016/1/24,-2.1,1.4,-4.1
2016/1/25,1.4,5.8,-3.4
2016/1/26,3.9,8.2,-0.8
2016/1/27,7.1,11.5,1.8
2016/1/28,7.6,11.4,2.3
2016/1/29,8.6,9.8,7.2
2016/1/30,8.4,9.6,7.4
2016/1/31,8.1,11.4,6
2016/2/1,7.8,10.2,6.3
2016/2/2,6.8,10.2,4.7
2016/2/3,5.3,9.3,2
2016/2/4,7,11.8,1.4
2016/2/5,7.4,11.4,3.2
2016/2/6,6.2,9.6,3.6
2016/2/7,4.8,7.9,2.5
2016/2/8,5.2,10.4,-0.7
2016/2/9,7.3,12.6,2.5
2016/2/10,6.5,10.4,2.6
2016/2/11,6.4,11.7,1.6
2016/2/12,11.2,18,3.5
2016/2/13,15.7,18.4,13.7
2016/2/14,15.5,19.6,10.3
2016/2/15,6,10.3,2.3
2016/2/16,4.6,8.8,0.8
2016/2/17,6.3,9.3,3.7
2016/2/18,5.3,9.7,-0.1
2016/2/19,8.3,14.3,1.6
2016/2/20,8.5,9.9,7.7
2016/2/21,8.1,10.7,5.6
2016/2/22,5.8,7.9,2.5
2016/2/23,8.2,12.1,5.9
2016/2/24,5.5,7.7,3.4
2016/2/25,5.3,9,2.5
2016/2/26,5.9,11.2,1.6
2016/2/27,8.1,15.6,1.3
2016/2/28,10.4,14.6,4.3
2016/2/29,8.1,13.5,2.4
2016/3/1,4.1,7.5,0.9
2016/3/2,6.8,12.8,2.7
2016/3/3,8.1,15.4,0.9
2016/3/4,9.8,14.9,4.1
2016/3/5,13.7,20.1,6.8
2016/3/6,16.9,19.1,14.8
2016/3/7,16.2,21.1,13.1
2016/3/8,15.4,21.7,10.4
2016/3/9,9,13.5,7.4
2016/3/10,7.6,9,6.7
2016/3/11,7.6,10.3,5.7
2016/3/12,7.5,11.4,4.1
2016/3/13,7.7,12.3,3.1
2016/3/14,6.9,8.5,5.5
2016/3/15,8.5,13.1,5.3
2016/3/16,8.8,13.6,3.5
2016/3/17,11.5,17.9,5.1
2016/3/18,14,20.3,7.4
2016/3/19,15.9,20.9,11.7
2016/3/20,11.6,16.6,8.1
2016/3/21,10.1,14.5,7.3
2016/3/22,9.7,14.7,3.1
2016/3/23,12.1,17.7,7.4
2016/3/24,9.7,13.4,7.5
2016/3/25,8.3,12.3,4.6
2016/3/26,8.2,12.9,3.7
2016/3/27,9,13.7,3.9
2016/3/28,11.1,16,6
2016/3/29,11.5,15.7,5.4
2016/3/30,13.8,20.1,8.1
2016/3/31,14.8,18.9,9.2
2016/4/1,14.2,15.7,13.6
2016/4/2,16.1,21.3,11.6
2016/4/3,16.4,19.5,14.8
2016/4/4,15.9,20,12.9
2016/4/5,14.8,19.5,12.2
2016/4/6,15.8,19.2,10.8
2016/4/7,19.4,25.8,16
2016/4/8,16.2,20.6,12.1
2016/4/9,16.3,22.6,10.7
2016/4/10,16,20.1,13.1
2016/4/11,12.3,15.8,7.9
2016/4/12,12.3,17.8,5.5
2016/4/13,17,22.1,14.4
2016/4/14,19.3,25.2,15.2
2016/4/15,16.4,20.3,12
2016/4/16,16.3,23,7.8
2016/4/17,21.1,30.1,15.9
2016/4/18,15.9,17.8,14.2
2016/4/19,16.5,22.3,10
2016/4/20,16,21.8,9
2016/4/21,16.9,18,15.9
2016/4/22,19.9,25,16
2016/4/23,17.7,23.6,14.3
2016/4/24,17,20,14.1
2016/4/25,16.9,21.4,11.2
2016/4/26,19,22.9,13.4
2016/4/27,17.5,19.7,16.1
2016/4/28,16.7,19.9,13.4
2016/4/29,14.2,17.6,11.7
2016/4/30,15.1,21.2,7.9
2016/5/1,18.1,23.8,10.9
2016/5/2,20.9,27.8,14.1
2016/5/3,19.7,22,18.2
2016/5/4,21.6,27,16.8
2016/5/5,21.5,26,15.4
2016/5/6,17.7,19.7,15.7
2016/5/7,18.7,22.6,15.2
2016/5/8,19.5,24.2,14.4
2016/5/9,16.6,19.3,14.5
2016/5/10,19.3,22.2,16.8
2016/5/11,20.1,22.6,16.2
2016/5/12,18.3,24.3,13.2
2016/5/13,19.2,24.1,12.3
2016/5/14,21.4,26.2,17.4
2016/5/15,21.1,25,18.9
2016/5/16,19.9,22.3,14.8
2016/5/17,19,24.1,14.1
2016/5/18,19.6,25.5,13.3
2016/5/19,20.8,27.2,13.6
2016/5/20,21.2,25.9,17.4
2016/5/21,22.7,29.2,16
2016/5/22,21.8,27.5,17.5
2016/5/23,22.5,28.4,16.5
2016/5/24,22.3,28.1,16
2016/5/25,21.4,24.5,20
2016/5/26,22,24.9,20.5
2016/5/27,24,27.9,21
2016/5/28,20.8,22.3,19.2
2016/5/29,20.4,22.5,18.9
2016/5/30,21.5,26.8,18.3
2016/5/31,22.9,26.7,18.4
2016/6/1,21.8,25.9,17.8
2016/6/2,20,24.7,16
2016/6/3,20.4,24.9,13.8
2016/6/4,20.3,24.2,16.4
2016/6/5,18.6,21.4,16.2
2016/6/6,21.8,27.2,16.3
2016/6/7,20.5,21.7,19.4
2016/6/8,22.7,28.4,18.7
2016/6/9,23.6,27.5,20.9
2016/6/10,24.9,29.5,21
2016/6/11,24.8,28,22.3
2016/6/12,22.9,26.5,21
2016/6/13,23,26.6,20.5
2016/6/14,24.8,29,21
2016/6/15,24.6,29.3,20.2
2016/6/16,23.1,24.2,21.4
2016/6/17,24.8,29.9,21.8
2016/6/18,25.1,29.3,20.6
2016/6/19,22.4,23.8,21
2016/6/20,23.8,27.5,21.6
2016/6/21,24.3,28.2,20.8
2016/6/22,23.8,25.4,22.7
2016/6/23,26.2,31.1,23
2016/6/24,24.6,28.4,21.2
2016/6/25,23.3,27.9,18.8
2016/6/26,22.8,27.5,17.2
2016/6/27,22.7,27.1,19.2
2016/6/28,21.3,23.2,19.5
2016/6/29,22.4,24.8,21
2016/6/30,24,26.4,22.3
2016/7/1,25.5,30.7,21.1
2016/7/2,29,35,23.2
2016/7/3,27.4,32.2,25.5
2016/7/4,27.4,31.2,24.7
2016/7/5,28.1,33.7,25.3
2016/7/6,28,32.5,24.5
2016/7/7,28.1,32.5,24.4
2016/7/8,24.9,26.3,22.5
2016/7/9,24.9,28.1,22.5
2016/7/10,26.7,29.9,24.1
2016/7/11,26.6,30.7,24.7
2016/7/12,27.1,31.2,24.8
2016/7/13,26.8,29.3,25.6
2016/7/14,27.3,31.7,25.2
2016/7/15,26.2,29.4,24.5
2016/7/16,26.7,31.4,23.3
2016/7/17,27.1,29.8,25.3
2016/7/18,28.1,31.7,24.9
2016/7/19,28.5,32.3,24
2016/7/20,28.1,32.1,24.5
2016/7/21,27.5,31.6,24.6
2016/7/22,27.4,31.8,23.7
2016/7/23,27.5,32.1,24
2016/7/24,26.7,30.5,25
2016/7/25,25.9,29.6,24.3
2016/7/26,26.6,31,23.9
2016/7/27,27.9,31.8,25.4
2016/7/28,28.7,32.7,24.9
2016/7/29,28.4,33.1,26
2016/7/30,28.5,33.2,25.1
2016/7/31,28.4,33.8,24.1
2016/8/1,30.1,35,26.1
2016/8/2,29.8,34.2,26.1
2016/8/3,29,33.8,25.2
2016/8/4,28.9,32.7,25.2
2016/8/5,28.8,33.2,25.3
2016/8/6,29.3,34.6,25.5
2016/8/7,29.4,36.3,25.3
2016/8/8,31,37.2,23.7
2016/8/9,31.4,35.9,26.9
2016/8/10,29.8,34.6,26.7
2016/8/11,29,34.8,24.3
2016/8/12,28.5,33.9,23.6
2016/8/13,29.7,33.8,26.8
2016/8/14,29.9,34.1,25.9
2016/8/15,30.1,34.2,27.7
2016/8/16,28.7,33.8,26.4
2016/8/17,28.9,33.1,26.5
2016/8/18,30,34.9,25.6
2016/8/19,30.1,35.1,27
2016/8/20,30.8,35.1,27.1
2016/8/21,31,35.6,27.1
2016/8/22,31,37.1,27.3
2016/8/23,30.1,34.4,27.2
2016/8/24,29.7,34.6,26.6
2016/8/25,30,34.9,27.1
2016/8/26,28.9,34.4,24.8
2016/8/27,26,29.5,23.9
2016/8/28,27.2,32.2,23.6
2016/8/29,25.5,28.6,22.9
2016/8/30,24.9,29.3,21.6
2016/8/31,25.7,31.5,19.2
2016/9/1,25.4,31,20
2016/9/2,26,31.6,20.3
2016/9/3,27.7,31.1,25.1
2016/9/4,26.7,30.2,24.8
2016/9/5,26.1,28.3,24.7
2016/9/6,26.6,31,23.9
2016/9/7,27.4,31.7,24.3
2016/9/8,27.1,30.6,25.2
2016/9/9,26.3,30.2,23.2
2016/9/10,25.7,29.2,22.4
2016/9/11,26.3,30.4,23.5
2016/9/12,26.8,30.6,24.3
2016/9/13,25,26.8,23.4
2016/9/14,23.9,25.3,22.8
2016/9/15,24.6,27.7,22.3
2016/9/16,25.4,29.1,22.8
2016/9/17,26.4,31.5,22.4
2016/9/18,25,27.8,23.6
2016/9/19,23.8,28,20.9
2016/9/20,21.3,22.9,20.2
2016/9/21,22.2,24.2,20.6
2016/9/22,22.6,25,21.1
2016/9/23,22.4,24.2,21
2016/9/24,23,25.7,20.5
2016/9/25,24.7,28.7,22.1
2016/9/26,25.8,29.5,22.8
2016/9/27,25.7,30,22.4
2016/9/28,26,29.9,24.4
2016/9/29,23.5,26.8,21
2016/9/30,23,25.7,20.3
2016/10/1,24.2,26.6,22.4
2016/10/2,26.4,29.7,23.6
2016/10/3,24,26.8,20.7
2016/10/4,24.2,28.4,20.7
2016/10/5,24.8,28.2,20.8
2016/10/6,24.5,27.9,21.1
2016/10/7,22.2,24.7,19.1
2016/10/8,26.2,31,22.4
2016/10/9,21.7,25.5,18.8
2016/10/10,19.2,22,17.5
2016/10/11,19,23.2,16.5
2016/10/12,19.8,24.2,16.5
2016/10/13,17.9,20.1,16.6
2016/10/14,17.5,21.3,13.9
2016/10/15,18.1,23.8,12.6
2016/10/16,21.2,26.4,16.4
2016/10/17,22.4,27.4,18.3
2016/10/18,23.7,27,21
2016/10/19,22.8,25.3,20.7
2016/10/20,22.4,25.6,19.9
2016/10/21,18.8,21.8,16.1
2016/10/22,16.6,17.9,15.3
2016/10/23,18.6,20.8,16.2
2016/10/24,17.1,20.4,13.4
2016/10/25,17.3,20.8,13.2
2016/10/26,21,25.2,16.5
2016/10/27,19.2,22.5,15.6
2016/10/28,17.9,20.9,15.2
2016/10/29,17.7,20.4,14.2
2016/10/30,15.1,18.6,12
2016/10/31,14.9,18.7,9.9
2016/11/1,15.6,19.8,13.2
2016/11/2,14.3,18,11.3
2016/11/3,14,17.4,11.8
2016/11/4,13.9,19,10.3
2016/11/5,14,19.9,8.6
2016/11/6,14.5,17.7,11.5
2016/11/7,13.5,17.5,10.4
2016/11/8,13.8,16,11.1
2016/11/9,11.9,15,10
2016/11/10,10.6,13,8.1
2016/11/11,14.6,19.9,9.6
2016/11/12,14.4,19.5,11.1
2016/11/13,15.2,20.4,10.1
2016/11/14,16.2,19,13.4
2016/11/15,18.1,24,13.9
2016/11/16,12.8,15.4,9.6
2016/11/17,13.6,18.7,9
2016/11/18,15.4,20.6,8.9
2016/11/19,18.7,21.8,16.4
2016/11/20,18.2,22.4,14
2016/11/21,16.1,17.1,15.5
2016/11/22,17.5,20.8,14.9
2016/11/23,12.1,16.6,9.2
2016/11/24,11,14.9,7.9
2016/11/25,11.1,15,7
2016/11/26,12,16.1,6.4
2016/11/27,12.5,12.9,12
2016/11/28,12.5,15.2,10.3
2016/11/29,11.8,14.4,9.4
2016/11/30,10.7,13,8.8
2016/12/1,13.8,17.8,9.7
2016/12/2,12.1,15.4,8.6
2016/12/3,10.7,15.9,6.5
2016/12/4,11,15,6.5
2016/12/5,14.7,18.2,11.9
2016/12/6,12.4,15,8.4
2016/12/7,9.5,13.5,5.6
2016/12/8,10.3,14,6
2016/12/9,10.3,16.7,4.4
2016/12/10,9.3,12.3,6.2
2016/12/11,8.7,12.7,5.5
2016/12/12,8.7,11,4.7
2016/12/13,10.3,11.8,7.9
2016/12/14,9.2,12.4,6
2016/12/15,6.4,10.1,4.4
2016/12/16,5.5,8.4,4
2016/12/17,7.9,11.9,3.1
2016/12/18,8.2,13.4,3.5
2016/12/19,8.4,14.3,2.8
2016/12/20,10.2,14.4,6.9
2016/12/21,12.5,16.3,6.7
2016/12/22,17.8,21.5,14.8
2016/12/23,11.6,14.9,7.9
2016/12/24,9.2,11.6,7.2
2016/12/25,8.9,12.4,6
2016/12/26,10,15.7,4.8
2016/12/27,12.3,18.3,7.3
2016/12/28,5.9,7.9,4.3
2016/12/29,5.7,10.4,1.4
2016/12/30,6.7,10.3,3.2
2016/12/31,7.1,12.6,1.6
2017/1/1,8.9,14.1,4.7
2017/1/2,8.8,14.9,2.4
2017/1/3,11,14.9,6.4
2017/1/4,9.6,15.5,3.4
2017/1/5,8.7,11.1,7
2017/1/6,7.3,10,3.4
2017/1/7,6.7,10.4,1.9
2017/1/8,7.4,8.3,6.7
2017/1/9,9.5,12.3,7.5
2017/1/10,10.1,14,6.5
2017/1/11,7.2,10.6,4.4
2017/1/12,6.8,9.5,4.2
2017/1/13,6,9.1,2.6
2017/1/14,3.8,6.9,0.4
2017/1/15,2.9,6.3,-0.7
2017/1/16,5,7.8,3.1
2017/1/17,5.7,9.5,2.8
2017/1/18,5.5,10.6,0.2
2017/1/19,7.2,10.2,4
2017/1/20,6,11.7,3
2017/1/21,5.6,8.6,3.4
2017/1/22,3.8,9,0.5
2017/1/23,3.2,6.4,0.6
2017/1/24,3.4,7.4,0.7
2017/1/25,4,8.2,0.7
2017/1/26,4.5,9.7,0.1
2017/1/27,7.7,14.9,0.1
2017/1/28,7.8,11.7,4.4
2017/1/29,7.9,11.2,3.2
2017/1/30,9.1,12.8,6.3
2017/1/31,4.8,7.9,1.3
2017/2/1,5,10.5,0.3
2017/2/2,7.1,10.6,3.9
2017/2/3,8.9,13.2,5.4
2017/2/4,7.6,13.3,2.8
2017/2/5,8.2,12.3,6.1
2017/2/6,8.1,11.1,5.4
2017/2/7,5.7,9.1,3.6
2017/2/8,5.5,9.3,1.8
2017/2/9,4.7,8.8,2.8
2017/2/10,2.7,6.4,0.4
2017/2/11,2.9,6.9,-0.1
2017/2/12,4.2,8.1,1.7
2017/2/13,5.7,9.9,2.5
2017/2/14,5.2,9.8,1
2017/2/15,6.1,10.7,2.7
2017/2/16,6.7,12.2,0
2017/2/17,10.4,14.9,6.9
2017/2/18,9,12.4,6.3
2017/2/19,6.9,10.5,3.9
2017/2/20,9.2,21.2,2.8
2017/2/21,5.5,9.3,3.2
2017/2/22,6.9,13.3,0.1
2017/2/23,12.8,16.5,7.9
2017/2/24,7,10.2,4.2
2017/2/25,7.6,11.6,3.5
2017/2/26,8.6,12.9,4.5
2017/2/27,7.3,10.6,4.6
2017/2/28,6.2,10.5,2.1
2017/3/1,6.8,11.3,1.5
2017/3/2,9.2,14.7,5.2
2017/3/3,8.9,13,4.9
2017/3/4,8.6,14.3,4.2
2017/3/5,10.1,14.5,4.8
2017/3/6,10.8,15,7.9
2017/3/7,7.5,10.9,3.9
2017/3/8,5.2,9.6,2.6
2017/3/9,7,12,1.7
2017/3/10,9.5,14.4,3.1
2017/3/11,8.7,13.5,4.6
2017/3/12,8.4,13.6,3.3
2017/3/13,9,10.4,6.7
2017/3/14,9.1,13.3,6.6
2017/3/15,8.2,12.1,5.5
2017/3/16,9,12.7,5.8
2017/3/17,9.5,14.1,4.7
2017/3/18,9,13.3,3
2017/3/19,12.3,17.9,6.1
2017/3/20,11.2,15.2,6.9
2017/3/21,10.1,13.3,8.4
2017/3/22,10,14.2,6.1
2017/3/23,9.5,12.4,7
2017/3/24,9.4,12.7,7.1
2017/3/25,8.3,11.2,5.8
2017/3/26,8.7,11.3,6.5
2017/3/27,9.3,14.8,6.5
2017/3/28,10.3,15.3,5.6
2017/3/29,10.9,15.3,7.6
2017/3/30,13.5,18.4,9
2017/3/31,8.4,13.7,4.7
2017/4/1,8.6,13.2,5.4
2017/4/2,10.3,15.4,5.5
2017/4/3,12.7,17.5,6.8
2017/4/4,13.7,18.2,8.4
2017/4/5,15.2,20.4,9.1
2017/4/6,17.4,19.5,15.7
2017/4/7,17.3,22.6,14.8
2017/4/8,16.9,20.3,14.5
2017/4/9,16.7,20.7,11.5
2017/4/10,11.9,13.8,10
2017/4/11,13.4,15.7,11.3
2017/4/12,14.6,18.3,10.7
2017/4/13,13.3,19.8,6.8
2017/4/14,16.2,22.8,8.9
2017/4/15,17.1,22.8,12
2017/4/16,17.7,22.6,13.5
2017/4/17,19.1,22.2,15.2
2017/4/18,18.8,22.5,15
2017/4/19,17.6,22.3,13.4
2017/4/20,14.4,17.4,10.9
2017/4/21,15.5,17.8,14
2017/4/22,16.1,20.5,12
2017/4/23,14.3,19.8,8.8
2017/4/24,16.1,22,8.6
2017/4/25,18.9,22.6,16
2017/4/26,15.7,18.1,14.4
2017/4/27,15.9,19.9,13
2017/4/28,15.6,21.1,9.5
2017/4/29,16,22.6,10.4
2017/4/30,17.5,24.5,10.5
2017/5/1,19.8,26.9,13.8
2017/5/2,17.7,22.2,12.8
2017/5/3,18.5,22.7,14.8
2017/5/4,19.7,24.9,15.2
2017/5/5,20.7,25.4,17.8
2017/5/6,19.5,23.7,16.8
2017/5/7,22.4,27,16.8
2017/5/8,20.9,27.2,14.6
2017/5/9,18,20.5,15.4
2017/5/10,19,25.2,15.6
2017/5/11,19.9,23.5,17.1
2017/5/12,20.6,25.4,16.4
2017/5/13,18.6,23,15.8
2017/5/14,20.5,26,15.6
2017/5/15,21.2,25.9,17.6
2017/5/16,17.8,19.8,15.1
2017/5/17,18.2,23,14.9
2017/5/18,19.5,24.8,14.1
2017/5/19,20.9,26.8,14.3
2017/5/20,22,27.7,15.6
2017/5/21,21.8,26.6,18.1
2017/5/22,21.7,28.1,16.7
2017/5/23,22.1,26.9,16.9
2017/5/24,20.4,23.2,18.7
2017/5/25,20,22.3,18.5
2017/5/26,21.6,25.9,17.3
2017/5/27,19.7,24.3,14.5
2017/5/28,20.9,26.8,15.1
2017/5/29,21.9,26.3,17.1
2017/5/30,23.5,29,18.4
2017/5/31,23.2,28.3,20.6
2017/6/1,22.2,25.7,18.1
2017/6/2,21,25.4,17.1
2017/6/3,19.5,23.4,14.6
2017/6/4,21,25.5,17
2017/6/5,21.3,26.4,16.2
2017/6/6,21.3,27.6,16
2017/6/7,19.8,21.7,17.7
2017/6/8,23.2,28.2,18.9
2017/6/9,22.2,25.6,18.3
2017/6/10,22.4,27.6,17.1
2017/6/11,21.6,24.4,19.2
2017/6/12,20.4,25.2,16.2
2017/6/13,20.3,24.5,16.5
2017/6/14,21.1,26.2,16.8
2017/6/15,22.9,28.2,16.9
2017/6/16,24,28.2,19.7
2017/6/17,22.2,26.3,17.8
2017/6/18,24,29.1,19.8
2017/6/19,24.8,29.7,19.3
2017/6/20,23.8,29.6,19.6
2017/6/21,24.1,28.1,19.7
2017/6/22,21.9,23.5,20.6
2017/6/23,23.6,29.2,19.3
2017/6/24,23.5,27.5,21
2017/6/25,22.9,25.6,20.9
2017/6/26,23.8,26.8,21.6
2017/6/27,23.2,26,21
2017/6/28,23.6,27.2,21.4
2017/6/29,23.9,27.2,21.8
2017/6/30,25.1,29.6,23.2
2017/7/1,26,30.6,23.9
2017/7/2,27.1,32,24.1
2017/7/3,26.9,30.7,24.8
2017/7/4,26.7,30.1,25.1
2017/7/5,24.5,27.9,22.5
2017/7/6,25.5,29.3,22
2017/7/7,25.6,28.7,23.9
2017/7/8,26.7,30.8,24.3
2017/7/9,25.9,31.7,24.3
2017/7/10,26.5,31.3,23.5
2017/7/11,28.1,32.6,25.2
2017/7/12,27.5,31,24.8
2017/7/13,28.6,32.4,25.9
2017/7/14,27.2,30.9,24.3
2017/7/15,28.2,32.6,24.9
2017/7/16,29.1,32.5,25.4
2017/7/17,29.7,34.5,26.6
2017/7/18,27.2,30.3,23.7
2017/7/19,27.9,32,24.3
2017/7/20,29,33.2,25.2
2017/7/21,29.1,33.4,25.1
2017/7/22,29.5,33.9,26.4
2017/7/23,28.6,33,25.9
2017/7/24,28.8,33.9,25.6
2017/7/25,29,33.2,27.2
2017/7/26,28,31.2,25.6
2017/7/27,28.6,32.8,25.6
2017/7/28,29.4,33.2,27.2
2017/7/29,29.8,33.5,26.9
2017/7/30,29.6,32.8,27.5
2017/7/31,30.3,34.5,26.9
2017/8/1,30.4,36.2,27.2
2017/8/2,29.3,34,25.9
2017/8/3,29.7,33.4,26.6
2017/8/4,29.5,33.4,26.8
2017/8/5,29.5,33.8,26.3
2017/8/6,29,32.8,26
2017/8/7,26.7,28,25.3
2017/8/8,30.1,35.2,26.3
2017/8/9,29.2,32.3,26.1
2017/8/10,29.9,33.9,27
2017/8/11,29.8,33.3,27.6
2017/8/12,29.2,32.6,26
2017/8/13,28.2,32,25.6
2017/8/14,27.9,30.9,24.6
2017/8/15,27.2,30,24.2
2017/8/16,28.7,31.8,26
2017/8/17,28.8,32.6,26.7
2017/8/18,28.9,31.7,26.6
2017/8/19,29.2,33,25.7
2017/8/20,28.9,32.2,25.5
2017/8/21,29.2,33.7,25.3
2017/8/22,29.4,34,26.5
2017/8/23,30.1,33.6,26.7
2017/8/24,30.4,34.2,26.5
2017/8/25,30.6,35.7,26.4
2017/8/26,27.5,30.7,23.7
2017/8/27,27.7,31.8,23.6
2017/8/28,27.7,31.5,24.7
2017/8/29,28.9,32.3,25.3
2017/8/30,28,31.2,25.4
2017/8/31,27.1,30.6,24.6
2017/9/1,25.5,30.2,21.1
2017/9/2,25.3,30,21.5
2017/9/3,25.4,30.1,21.8
2017/9/4,24.1,26.9,21.7
2017/9/5,23.5,26.3,21.4
2017/9/6,25.8,30.9,23.1
2017/9/7,26.1,30,23.9
2017/9/8,26.4,30.4,23.3
2017/9/9,25.3,29.7,21.6
2017/9/10,26.3,30.6,21.8
2017/9/11,27.7,31.1,24.1
2017/9/12,25.8,28.4,23.8
2017/9/13,25.9,30.6,22.4
2017/9/14,25,29.2,22.3
2017/9/15,23,24.6,21.6
2017/9/16,21,22.5,19.4
2017/9/17,23.5,26.6,20.7
2017/9/18,25.4,29.8,21.1
2017/9/19,23.7,28.5,18.7
2017/9/20,23.1,25.6,20.9
2017/9/21,23.1,26.7,19.7
2017/9/22,20.7,21.7,19.1
2017/9/23,23.2,26.3,20.8
2017/9/24,22.4,25.3,19.9
2017/9/25,22.6,27.9,17.9
2017/9/26,23.4,29,18
2017/9/27,24.7,26.6,23.3
2017/9/28,22,24.8,17.8
2017/9/29,20.8,26.1,15.3
2017/9/30,21.3,26.5,17
2017/10/1,21.6,26.5,14.6
2017/10/2,22,24.8,19.8
2017/10/3,22.7,27.4,20.5
2017/10/4,19.7,22.4,16.8
2017/10/5,18.5,22.1,16.3
2017/10/6,19.3,22.2,17.5
2017/10/7,21,24.7,18.1
2017/10/8,23,27.5,20.6
2017/10/9,22.8,27.6,18.2
2017/10/10,23.8,29.5,19.1
2017/10/11,23.4,27,19.6
2017/10/12,21.6,24.4,20.2
2017/10/13,19.5,20.8,18.7
2017/10/14,19.4,21.2,18.3
2017/10/15,16.9,18.7,15.2
2017/10/16,15.8,16.4,15
2017/10/17,15.7,17.1,14.3
2017/10/18,16.9,21,14.3
2017/10/19,15.6,17.2,14.4
2017/10/20,16.8,19.1,15.2
2017/10/21,17,18.3,15.9
2017/10/22,17.3,18,16.1
2017/10/23,17,19.9,14.4
2017/10/24,15.3,18.5,13.5
2017/10/25,16.2,20.3,11
2017/10/26,16.5,20.7,13.3
2017/10/27,17.9,22.3,12.3
2017/10/28,18,20.2,16.3
2017/10/29,17.4,19.8,16.3
2017/10/30,14.9,17.5,10.9
2017/10/31,13,17.7,9.5
2017/11/1,13.2,18.9,7.6
2017/11/2,15.6,21.3,10.4
2017/11/3,17.8,21.6,12.9
2017/11/4,16.2,19.9,11.7
2017/11/5,12.2,16.2,8.8
2017/11/6,12.9,19.4,7.1
2017/11/7,15.5,20.6,10
2017/11/8,15.9,17.3,14.8
2017/11/9,15.8,18.9,12
2017/11/10,14.2,19.5,8.2
2017/11/11,15.2,19.5,11
2017/11/12,12,15.6,8.9
2017/11/13,13,19.8,6.4
2017/11/14,13.5,14.9,12
2017/11/15,12.7,16.7,8.3
2017/11/16,10.8,14.3,7.7
2017/11/17,10,13.7,6
2017/11/18,11.2,13.9,9.5
2017/11/19,9,12.2,6.1
2017/11/20,8,10.2,5.8
2017/11/21,8.8,13.5,4.9
2017/11/22,8.6,13.3,4.3
2017/11/23,10.3,13.7,5.6
2017/11/24,8,11.9,4.3
2017/11/25,9,12.4,5.3
2017/11/26,8.7,11.6,5.6
2017/11/27,12.3,16.1,8.5
2017/11/28,12.1,17.4,6.2
2017/11/29,14.2,17.4,11.5
2017/11/30,14.1,16.8,11.9
2017/12/1,10.2,12.9,6.9
2017/12/2,8,12.3,5.1
2017/12/3,9.3,14.6,5
2017/12/4,7.7,10.5,5.2
2017/12/5,6.2,9,3.5
2017/12/6,6,10.3,2.2
2017/12/7,7.1,12.2,2.2
2017/12/8,7.6,9.5,5.1
2017/12/9,7.2,10.7,3.6
2017/12/10,8.8,15.1,3.7
2017/12/11,7.9,11.6,4.7
2017/12/12,3.5,5.7,2.1
2017/12/13,4.1,7.3,0.8
2017/12/14,5.7,9.3,2.9
2017/12/15,6.6,10.6,3.2
2017/12/16,7.9,11.8,4.7
2017/12/17,4.2,7.1,2.2
2017/12/18,5.4,9.5,1.8
2017/12/19,6.5,11.5,2.5
2017/12/20,6,10.2,2.3
2017/12/21,6,10.5,2.7
2017/12/22,5.9,11.7,0.8
2017/12/23,7.7,13.7,2.9
2017/12/24,8.8,14.7,4.2
2017/12/25,9.1,13.1,6
2017/12/26,6.5,9.9,4.2
2017/12/27,5.5,7.4,3.5
2017/12/28,5.8,8.6,3.2
2017/12/29,7.4,9.9,3.3
2017/12/30,7.5,10.8,3.8
2017/12/31,6.9,11.3,3.8
2018/1/1,6.9,10.1,3.5
2018/1/2,7.6,11.1,4.9
2018/1/3,6.4,8.8,3.5
2018/1/4,5,9.1,1.3
2018/1/5,3.5,4.8,1
2018/1/6,6.5,11,1.4
2018/1/7,6.4,9.3,3.9
2018/1/8,9.7,12.9,5.8
2018/1/9,8.2,12.1,4.3
2018/1/10,5.2,10.1,1.5
2018/1/11,0.7,3.2,-0.8
2018/1/12,0.6,4.3,-2.1
2018/1/13,2.4,6.1,-1.4
2018/1/14,3.3,7,0.2
2018/1/15,4.4,10.1,-1.3
2018/1/16,8.4,14.7,1.5
2018/1/17,12.5,15.7,9.9
2018/1/18,10.9,16.2,7.6
2018/1/19,8.7,10.9,5.8
2018/1/20,8.4,12.8,4.9
2018/1/21,8.3,12.7,4.9
2018/1/22,4.2,6.6,2.3
2018/1/23,4.3,11.5,0.5
2018/1/24,0.4,3.5,-1.5
2018/1/25,1.4,5.2,-1.5
2018/1/26,2,5.4,0.5
2018/1/27,2.9,6.6,-0.2
2018/1/28,2.8,5.4,0.1
2018/1/29,4.3,6.7,0.5
2018/1/30,2.7,6.4,-0.5
2018/1/31,4.1,8.5,0.3
2018/2/1,2.9,4.6,1.5
2018/2/2,4.7,8.8,1.4
2018/2/3,5.3,9.3,2.5
2018/2/4,1.5,4,-0.5
2018/2/5,0.5,3.5,-1.2
2018/2/6,0.2,4.5,-2.3
2018/2/7,1,5,-3.3
2018/2/8,2.7,7.7,-1.7
2018/2/9,3.8,8.9,-2.6
2018/2/10,5.2,7.5,2.9
2018/2/11,4.3,7.5,0
2018/2/12,1.9,6.4,-1.2
2018/2/13,2.7,6.4,-0.6
2018/2/14,4,8.7,-1.8
2018/2/15,7.1,11.4,3
2018/2/16,6.5,8.4,4.3
2018/2/17,7.4,10.9,3.3
2018/2/18,4.1,7.9,1.2
2018/2/19,5,8.3,0.8
2018/2/20,7.9,12.9,3.2
2018/2/21,7.5,10.7,5.8
2018/2/22,6.5,9,4.3
2018/2/23,7.3,12.1,3.1
2018/2/24,7.2,12.5,1.3
2018/2/25,7,9.3,5.8
2018/2/26,9,14,5.4
2018/2/27,8.1,12.6,3.4
2018/2/28,9.9,15,3.4
2018/3/1,14,18,9.7
2018/3/2,8.6,11.8,5.2
2018/3/3,8.4,12.4,2.8
2018/3/4,13,19.4,6.3
2018/3/5,15.3,21.7,8.5
2018/3/6,7.9,10.9,5.5
2018/3/7,7.7,10.7,3.9
2018/3/8,9.6,12.3,7.3
2018/3/9,7.3,12.1,3.7
2018/3/10,6.2,11.1,2.5
2018/3/11,8.6,15.5,1.3
2018/3/12,8.8,14.1,3.9
2018/3/13,10.9,16.7,4.6
2018/3/14,13.6,20,7.7
2018/3/15,15.8,21.9,9.2
2018/3/16,10,16.7,5.1
2018/3/17,7.2,11.9,3.4
2018/3/18,10.3,15.8,3.6
2018/3/19,14,16.4,11.8
2018/3/20,8,12.9,5.3
2018/3/21,7.6,10.6,5.1
2018/3/22,9.6,13.5,6.3
2018/3/23,9.2,14.5,4.6
2018/3/24,10,15,4.5
2018/3/25,12.5,18,6.6
2018/3/26,12.9,18.3,8.1
2018/3/27,14.2,19.6,9.5
2018/3/28,15.4,21.1,9.6
2018/3/29,16.2,22.1,10.3
2018/3/30,13.5,17.5,9.2
2018/3/31,12.8,19.7,6.1
2018/4/1,14.8,20.3,9.9
2018/4/2,17.2,22.4,12.4
2018/4/3,17.7,23.1,13.3
2018/4/4,17.3,23,12.7
2018/4/5,14.4,18.3,10.7
2018/4/6,17.8,22,13
2018/4/7,10.8,13.9,6.5
2018/4/8,9.9,14.8,5.7
2018/4/9,11.7,17.3,5.4
2018/4/10,14.9,20.5,8.5
2018/4/11,19.5,25.1,14.8
2018/4/12,19.4,24.4,13.6
2018/4/13,15.6,19.7,11.6
2018/4/14,15.6,21,10.6
2018/4/15,15.1,21.3,11.6
2018/4/16,14.2,18.8,9.1
2018/4/17,13.7,16.6,11.5
2018/4/18,16.6,23.2,12.2
2018/4/19,16.5,21.5,10.9
2018/4/20,19,25.5,12.8
2018/4/21,18.5,26.5,12.7
2018/4/22,18.5,22.9,13.7
2018/4/23,19.6,25,13.8
2018/4/24,20.3,21.3,19
2018/4/25,17.7,21,13.6
2018/4/26,16.2,20.2,11.7
2018/4/27,16.9,20.5,13.1
2018/4/28,18.2,24,13
2018/4/29,18.3,24.7,11.6
2018/4/30,19,22.6,15.2
2018/5/1,20.1,26,14.6
2018/5/2,19.5,21.5,18.2
2018/5/3,19.2,22.3,15.5
2018/5/4,17.2,21.9,13.1
2018/5/5,16.9,21.8,10.5
2018/5/6,18.1,23.2,12.7
2018/5/7,18.4,22.3,16.7
2018/5/8,16.1,19,13.9
2018/5/9,16.3,20.3,13.4
2018/5/10,15.3,20.5,10.9
2018/5/11,16.9,23.3,10.4
2018/5/12,18.7,24.8,12.7
2018/5/13,18,19,17
2018/5/14,21.9,27.1,17.4
2018/5/15,21.2,26.6,15.4
2018/5/16,21.7,25.7,18.1
2018/5/17,21.8,26.8,18.9
2018/5/18,22.5,26,19.6
2018/5/19,18.4,22,13.8
2018/5/20,17,21.6,12.2
2018/5/21,20.4,25,16.8
2018/5/22,20.4,25.8,14.5
2018/5/23,18.8,20.6,16.2
2018/5/24,22,28.1,17.4
2018/5/25,21.8,27.5,16.6
2018/5/26,20.7,23.3,18.3
2018/5/27,21.4,26.7,16.1
2018/5/28,21.6,24.2,19.4
2018/5/29,22.9,26.1,20.3
2018/5/30,20.1,22.3,19.1
2018/5/31,19.7,21.2,18.4
2018/6/1,21.2,25.7,17.3
2018/6/2,21,27.7,15.4
2018/6/3,22,27.6,16.6
2018/6/4,22.7,28.4,17.6
2018/6/5,21.4,26.4,16.9
2018/6/6,19.6,21.1,18.2
2018/6/7,22.3,25.8,19.7
2018/6/8,22.7,28,19.9
2018/6/9,24.5,28.8,21
2018/6/10,21,22.9,19.5
2018/6/11,23,28.8,20.5
2018/6/12,22.2,26.2,19.6
2018/6/13,21.7,26,17.5
2018/6/14,20.5,23.4,17.4
2018/6/15,20.2,23.1,18.2
2018/6/16,20.7,25.4,17.9
2018/6/17,22.6,29.2,16.8
2018/6/18,23.5,27.4,20.4
2018/6/19,22.2,24.3,21.1
2018/6/20,21.7,22.9,20.6
2018/6/21,22.8,25.8,20.9
2018/6/22,23.5,28.8,18.1
2018/6/23,21,22.9,18.6
2018/6/24,23.7,29.8,19.6
2018/6/25,25.1,30.1,20
2018/6/26,26.4,31.6,21.8
2018/6/27,29.5,34.9,26.3
2018/6/28,27.9,35.4,24.5
2018/6/29,26.2,29.3,23.2
2018/6/30,26.1,30.1,23.8
2018/7/1,26.2,30.1,24.4
2018/7/2,27.2,30.7,24.6
2018/7/3,25.9,27.1,25
2018/7/4,27,30.4,25.3
2018/7/5,25.1,27.7,23.1
2018/7/6,23.9,26,22
2018/7/7,24.1,25.8,21.7
2018/7/8,24.9,29,21.9
2018/7/9,27.3,31.8,23.7
2018/7/10,27.6,31.9,24.3
2018/7/11,27.8,32.8,24.2
2018/7/12,28.5,32,26.1
2018/7/13,29.9,35.1,24.8
2018/7/14,30.3,35.1,26.7
2018/7/15,29.3,34,26.2
2018/7/16,29.2,33.7,26.3
2018/7/17,29.2,33.5,26.4
2018/7/18,30.6,35.8,26.2
2018/7/19,30.7,34.5,27.3
2018/7/20,30.3,34.6,27
2018/7/21,29.6,34.1,26.1
2018/7/22,29.2,34.4,25.9
2018/7/23,31.9,37.2,26.6
2018/7/24,32.5,37.3,28.6
2018/7/25,30.7,35.5,27.4
2018/7/26,30,35.6,26.9
2018/7/27,29.3,34,26.1
2018/7/28,28.9,32.7,26.2
2018/7/29,26.8,30.1,23.7
2018/7/30,28.6,33,25.1
2018/7/31,29.2,33.9,25.3
2018/8/1,29.4,33.3,25.7
2018/8/2,29.4,34,25.9
2018/8/3,30.5,34.2,27
2018/8/4,31.7,37.3,27.4
2018/8/5,30.6,34.9,26.2
2018/8/6,31.6,36.6,27.9
2018/8/7,29.7,33.9,26
2018/8/8,28.5,33.6,24.1
2018/8/9,29.4,33.6,26.1
2018/8/10,29,33,27.4
2018/8/11,27.7,30.5,26
2018/8/12,29.5,33.5,26.1
2018/8/13,30.1,35.5,26.8
2018/8/14,29.8,35,26
2018/8/15,26.5,28.8,25.5
2018/8/16,27.6,30.7,25.3
2018/8/17,25.8,29.7,22.5
2018/8/18,25.2,29.8,20.1
2018/8/19,26.8,31.7,22
2018/8/20,27.1,31.2,23.2
2018/8/21,28.6,31.7,25.4
2018/8/22,29.5,33.3,26.8
2018/8/23,28.3,32.6,24.8
2018/8/24,29.2,33,25.4
2018/8/25,30.3,34.3,27.1
2018/8/26,28.7,33.5,24.1
2018/8/27,29.1,33.1,26
2018/8/28,29,33.1,25.7
2018/8/29,28.7,32.5,25.7
2018/8/30,28.7,33.5,25.4
2018/8/31,28.9,33.8,25.4
2018/9/1,26.4,28.6,23.4
2018/9/2,25.2,28.4,23.2
2018/9/3,27.1,32,22.1
2018/9/4,26.4,28.4,23.9
2018/9/5,26.2,29.7,23.1
2018/9/6,24.9,29.8,21.3
2018/9/7,26.7,31.2,23.5
2018/9/8,22,24.4,20.1
2018/9/9,23.6,25.6,21.7
2018/9/10,22.7,26.2,21.2
2018/9/11,24,27.6,21.1
2018/9/12,22.9,26,21.3
2018/9/13,22.7,24,21.7
2018/9/14,23.8,26.8,22
2018/9/15,26,29.4,23.2
2018/9/16,27.1,30.8,23.8
2018/9/17,26.7,31,24.2
2018/9/18,25.9,29,23.5
2018/9/19,25.3,28.9,22.2
2018/9/20,21.4,23.2,18.9
2018/9/21,24.6,27.4,21.8
2018/9/22,25.9,29.3,22.8
2018/9/23,24.4,28.7,21
2018/9/24,23.8,27.5,20.9
2018/9/25,21.4,24.6,18.3
2018/9/26,20.8,24.6,18.8
2018/9/27,20.8,25.8,17.9
2018/9/28,21.3,25.9,17
2018/9/29,18.9,21.3,17.6
2018/9/30,23,26.5,19.7
2018/10/1,22.4,25,19.6
2018/10/2,20.7,25,15.4
2018/10/3,21.4,26,17.4
2018/10/4,19.6,20.4,18.7
2018/10/5,23.2,25.8,19.6
2018/10/6,27.4,31,24.9
2018/10/7,25,28.2,23
2018/10/8,23.5,27.3,20.6
2018/10/9,22.6,26.8,19.6
2018/10/10,21.2,23.8,20
2018/10/11,17.7,20,16.2
2018/10/12,17.1,20.3,14.3
2018/10/13,17.8,22.1,14.6
2018/10/14,18.8,23.8,14.7
2018/10/15,19.1,23,16.5
2018/10/16,18.4,21.1,15.5
2018/10/17,18.5,22.6,15.4
2018/10/18,18,23.4,14.3
2018/10/19,18.6,23.6,14.4
2018/10/20,18.1,21.7,14.7
2018/10/21,16.7,21.4,12.8
2018/10/22,17.6,23.1,11.8
2018/10/23,17.7,21.1,15.7
2018/10/24,18.9,23.1,16.3
2018/10/25,17.2,21.4,13.3
2018/10/26,18.1,24.7,11.5
2018/10/27,19.1,22.2,16
2018/10/28,16.8,21.1,13.2
2018/10/29,15.5,21.7,10.7
2018/10/30,16.1,20.1,11.9
2018/10/31,15,17.6,12.7
2018/11/1,14.2,18.4,11.1
2018/11/2,14.2,18.2,11.2
2018/11/3,14.6,19.8,10.4
2018/11/4,15.6,21.2,11.1
2018/11/5,16.6,21.6,11.6
2018/11/6,18.6,22.9,15.5
2018/11/7,17.4,21.3,14.1
2018/11/8,18.4,23.7,12.9
2018/11/9,20.5,23.2,17.9
2018/11/10,17.6,20.8,13
2018/11/11,15.4,19.6,11.8
2018/11/12,14.2,16.6,11.4
2018/11/13,14.3,16.8,12.4
2018/11/14,13.5,16.9,10.8
2018/11/15,13.4,17.8,10.2
2018/11/16,13.2,18.2,7.9
2018/11/17,15.6,20.1,13
2018/11/18,14.9,18.7,10.9
2018/11/19,13.4,15.1,11.9
2018/11/20,12.9,16.4,10.3
2018/11/21,11.8,15.2,8.1
2018/11/22,11.9,14.7,8.7
2018/11/23,9.9,13.9,7.5
2018/11/24,9.1,13.9,4.9
2018/11/25,10.8,16.9,4.8
2018/11/26,12.7,16.4,8.9
2018/11/27,14.8,18.6,11.4
2018/11/28,13.9,17.2,11.3
2018/11/29,13.1,17,10.2
2018/11/30,12.1,17.7,8.6
2018/12/1,13,17.8,8.4
2018/12/2,13.5,17,8.2
2018/12/3,16.4,19.1,14.4
2018/12/4,19,26.7,15.3
2018/12/5,16.2,19.5,13.1
2018/12/6,13.5,14.8,12.4
2018/12/7,11.7,14,7.3
2018/12/8,6.7,9.1,4.8
2018/12/9,5.9,8.4,4.7
2018/12/10,6.6,10,4.3
2018/12/11,7.4,11.4,2.8
2018/12/12,9.9,13.8,7.1
2018/12/13,8.6,12.4,5.5
2018/12/14,7.3,9.8,5.4
2018/12/15,6.5,10.4,3.6
2018/12/16,7,12.7,1.1
2018/12/17,9.6,14.2,7.5
2018/12/18,9.2,12.3,6.2
2018/12/19,9.9,15.1,4.2
2018/12/20,10.9,14.6,7
2018/12/21,12.2,14.9,8.2
2018/12/22,12.7,14.1,11.9
2018/12/23,13.3,16.2,10.1
2018/12/24,9.4,11.9,7.2
2018/12/25,8.2,11.7,4.5
2018/12/26,8.9,10.2,7
2018/12/27,9,11.8,6.3
2018/12/28,4.9,7.2,2.8
2018/12/29,4.9,8.3,2.5
2018/12/30,5.4,8.5,3.2
2018/12/31,5.5,8.9,3.6
2019/1/1,6.3,9.8,0.4
2019/1/2,7.1,10.1,5.4
2019/1/3,7.1,11.1,4.4
2019/1/4,7.4,10.7,3.3
2019/1/5,9.2,11,7.2
2019/1/6,6.7,9.1,4.5
2019/1/7,6.7,11.6,3.4
2019/1/8,8.3,13.1,3.5
2019/1/9,6.1,8.4,3.3
2019/1/10,5.3,9.5,0.4
2019/1/11,9.6,12.9,7
2019/1/12,6.4,7.1,5.4
2019/1/13,7.3,11.5,3.1
2019/1/14,6.9,12.1,2.6
2019/1/15,7,12.1,2.8
2019/1/16,7.8,10.7,4.9
2019/1/17,7.4,11.3,3.9
2019/1/18,8.1,12.1,5.1
2019/1/19,7.3,12.5,2.1
2019/1/20,8.9,14.4,5.9
2019/1/21,7.7,11,5
2019/1/22,8.1,12.3,3.4
2019/1/23,8.9,14.8,3
2019/1/24,7.5,9.7,4.8
2019/1/25,6.7,10.5,2.2
2019/1/26,4.1,7.8,2.5
2019/1/27,5.5,10,1.9
2019/1/28,5.9,12.4,0.7
2019/1/29,6.3,9.4,3.3
2019/1/30,5.9,10,0.8
2019/1/31,6.7,9.2,4.8
2019/2/1,5.5,8.5,3.4
2019/2/2,6.5,11.9,2.1
2019/2/3,9.1,15.5,2.1
2019/2/4,12.1,16.2,7.8
2019/2/5,8.6,12.1,4.8
2019/2/6,8.1,11.1,6.3
2019/2/7,9.9,14.6,5.5
2019/2/8,7.7,10.7,5.1
2019/2/9,6.2,10.1,4.5
2019/2/10,5,7.4,3.5
2019/2/11,4.6,7.7,1.4
2019/2/12,6.6,10.2,3.5
2019/2/13,7.7,11.5,4.4
2019/2/14,5.9,8.2,4.3
2019/2/15,5,7.2,2.8
2019/2/16,8,11.9,5.8
2019/2/17,7.1,9.9,5.1
2019/2/18,7.4,11.8,1.8
2019/2/19,11.8,15.2,7
2019/2/20,13.8,17.6,9.2
2019/2/21,8.7,11.3,6.7
2019/2/22,8.5,11.6,5.1
2019/2/23,9.8,13.9,7.5
2019/2/24,8.1,12.9,3.9
2019/2/25,10.1,15.5,3.7
2019/2/26,10.5,14.2,7.5
2019/2/27,8.3,10.4,5.1
2019/2/28,8.9,10.8,6.9
2019/3/1,11,15.1,7.4
2019/3/2,9.9,13.2,5.7
2019/3/3,9.2,11,7.7
2019/3/4,9.7,13.7,7.8
2019/3/5,10.6,15.7,6.1
2019/3/6,10.4,14,8.5
2019/3/7,9.9,13.2,6.3
2019/3/8,8.2,12.6,4.9
2019/3/9,9.5,16.6,1.8
2019/3/10,10.9,13.3,8.8
2019/3/11,13.3,16.9,9.8
2019/3/12,12.1,17,6.5
2019/3/13,8.7,11.6,4.8
2019/3/14,9.1,14.1,4
2019/3/15,8.3,14.4,3.1
2019/3/16,8.9,13.5,4.7
2019/3/17,8.1,12,4.5
2019/3/18,9,14.3,2.2
2019/3/19,9.9,12.5,8.6
2019/3/20,13.3,19.7,7.2
2019/3/21,18,23.1,14.9
2019/3/22,12.7,17.9,8.1
2019/3/23,7.7,12,3.7
2019/3/24,8.2,13.6,3.1
2019/3/25,9.1,13.3,3.6
2019/3/26,13.6,18.8,8.8
2019/3/27,13.8,20.1,7.7
2019/3/28,14.4,18.3,10
2019/3/29,12,16.1,8.6
2019/3/30,13.3,17.7,10.1
2019/3/31,11.6,14.6,7.7
2019/4/1,7.9,11.7,5.4
2019/4/2,8.3,13.8,4.4
2019/4/3,9,14,4.4
2019/4/4,10.8,16.4,4.1
2019/4/5,13,18.9,6.9
2019/4/6,16.5,22.6,10.7
2019/4/7,15.9,20.6,9.7
2019/4/8,15.3,22.7,11
2019/4/9,12.7,16.6,8.6
2019/4/10,10.9,13.2,9.5
2019/4/11,11.8,15.2,9.4
2019/4/12,12.2,16.8,8.8
2019/4/13,12.5,15.9,7.3
2019/4/14,13.5,16,10.3
2019/4/15,14.3,18.1,11.3
2019/4/16,13.8,20,7.4
2019/4/17,15.1,20.5,11.6
2019/4/18,16.6,23,10.4
2019/4/19,17.4,24.9,12.5
2019/4/20,15.6,20.5,11.1
2019/4/21,17.4,21.9,12.4
2019/4/22,20.9,26.3,16.6
2019/4/23,19.3,25,14.6
2019/4/24,18.2,18.8,17.6
2019/4/25,20.3,23.7,17.6
2019/4/26,20.5,26.4,13.2
2019/4/27,12.8,16.1,10.3
2019/4/28,12.6,16.7,8
2019/4/29,14.4,18.6,12.3
2019/4/30,15.9,18,14.2
2019/5/1,16.5,17.7,15.4
2019/5/2,18.8,24.4,15.4
2019/5/3,18.9,25.1,13.1
2019/5/4,20.2,26.7,14.8
2019/5/5,19.3,25,13
2019/5/6,18.1,24,12.6
2019/5/7,15,19.2,11.6
2019/5/8,15.8,20.8,9.7
2019/5/9,16.8,20.7,13.9
2019/5/10,19.2,25.7,14.3
2019/5/11,21.1,28.6,14.2
2019/5/12,20.5,25.9,15.1
2019/5/13,20.8,26.6,14.5
2019/5/14,18.9,21.9,15.9
2019/5/15,20.1,24.4,16.2
2019/5/16,21.1,25.9,16.2
2019/5/17,21.7,26.7,17.2
2019/5/18,20.9,22.6,19.7
2019/5/19,20.9,22.7,19.6
2019/5/20,19.8,20.9,18.4
2019/5/21,21,25,18.3
2019/5/22,20.7,27.4,14.8
2019/5/23,21.8,27.3,15.9
2019/5/24,22.4,28,15.8
2019/5/25,23.2,28.2,17.1
2019/5/26,23.6,29.4,19
2019/5/27,23.4,29,18.8
2019/5/28,22,25.7,19.3
2019/5/29,21.5,26.5,18.1
2019/5/30,21,26.7,13.6
2019/5/31,20.9,23.9,19.2
2019/6/1,21.5,25.2,18.2
2019/6/2,20.3,21.5,18.9
2019/6/3,23.1,27.1,18.8
2019/6/4,23.8,28,20.2
2019/6/5,23.9,28.2,20.4
2019/6/6,24.8,30.5,20.8
2019/6/7,23.9,27.2,21.7
2019/6/8,23.6,26.9,19.5
2019/6/9,21.8,26.4,18.3
2019/6/10,22.5,26.2,20
2019/6/11,21.6,25.1,20
2019/6/12,22.9,27.5,17.8
2019/6/13,23.1,28.3,18.8
2019/6/14,22.1,24.9,18.8
2019/6/15,19,21.2,17.8
2019/6/16,21.9,26.1,19.7
2019/6/17,21.8,26.6,17.4
2019/6/18,21.5,24.5,17.6
2019/6/19,23,27.7,19.8
2019/6/20,25.2,30.2,20.7
2019/6/21,24.7,29.3,21.9
2019/6/22,25.3,30.2,20.3
2019/6/23,22.7,26.6,20.1
2019/6/24,23.7,29,19.3
2019/6/25,24.1,29.4,19.1
2019/6/26,23.1,26.5,20.6
2019/6/27,23.8,24.9,22.5
2019/6/28,25.4,29.3,22.3
2019/6/29,25.7,29.2,23.5
2019/6/30,26.2,30.3,24.1
2019/7/1,23,25.1,21.7
2019/7/2,23.3,25.7,21.3
2019/7/3,23,24.7,22.3
2019/7/4,25.2,29.6,21.9
2019/7/5,25.2,28.7,22.1
2019/7/6,24.7,27.2,22.7
2019/7/7,26.2,30.8,23
2019/7/8,24.6,28.7,22.1
2019/7/9,24.1,27.1,22.1
2019/7/10,24.4,27.8,22.4
2019/7/11,23.6,25.2,22.4
2019/7/12,25.8,30.5,22.5
2019/7/13,23.3,26,21.4
2019/7/14,22.8,24.2,21.6
2019/7/15,25.6,29.2,22.1
2019/7/16,25,29.7,22.4
2019/7/17,26,30.6,21.9
2019/7/18,24.6,28.4,22.3
2019/7/19,23.5,24.7,22.3
2019/7/20,26.3,28.5,24.1
2019/7/21,27.3,29.4,25.6
2019/7/22,25.6,27.6,23.6
2019/7/23,26.7,31,23.6
2019/7/24,28.2,32.6,24.6
2019/7/25,28.2,33,25.2
2019/7/26,28.9,34.2,24.9
2019/7/27,28.1,32.4,26.4
2019/7/28,28.1,31.8,25.9
2019/7/29,28.6,32.8,25.7
2019/7/30,29.2,33.4,25.7
2019/7/31,29.8,33.6,26.2
2019/8/1,30.8,36.1,26.7
2019/8/2,30.3,35.6,26.9
2019/8/3,29.8,34.1,27.2
2019/8/4,29.5,32.7,26.5
2019/8/5,29.5,34.9,25.8
2019/8/6,28.3,30.9,26.9
2019/8/7,28.5,32.6,26.6
2019/8/8,28.8,33.3,24.8
2019/8/9,28.8,34.4,25
2019/8/10,28.8,33.6,25.1
2019/8/11,29.4,34.9,24.5
2019/8/12,30.6,35,26.5
2019/8/13,30.7,35.4,27.6
2019/8/14,27.9,32,26.4
2019/8/15,27.1,28.5,26
2019/8/16,28.9,34.8,25.6
2019/8/17,28.4,32.4,24.6
2019/8/18,28.4,32.6,24.7
2019/8/19,26.4,29.7,25.3
2019/8/20,27.6,30.5,24.7
2019/8/21,28.4,32.1,25.7
2019/8/22,29.4,33,26
2019/8/23,27.4,30.2,24.8
2019/8/24,25.3,28.7,23.1
2019/8/25,26,30.5,21.6
2019/8/26,26.2,30.3,22.9
2019/8/27,24.8,26.7,23.3
2019/8/28,25.8,27.3,23.8
2019/8/29,27.6,33.2,23.8
2019/8/30,25.7,28.2,24.5
2019/8/31,24.1,27,22.4
2019/9/1,24.8,29.3,21.9
2019/9/2,26.7,30.3,23
2019/9/3,26.7,31.5,23.4
2019/9/4,27.3,32.7,24
2019/9/5,26.2,29.7,24.1
2019/9/6,28.6,32.6,25.1
2019/9/7,29.1,32.6,26.8
2019/9/8,29.4,34.8,26.1
2019/9/9,29.2,33,25.3
2019/9/10,29.6,33.1,26.6
2019/9/11,29.2,33.3,27
2019/9/12,26.8,30.3,24.4
2019/9/13,24.5,28.3,21.6
2019/9/14,26.8,30.4,23.7
2019/9/15,27.7,32.6,22.7
2019/9/16,27.2,31.9,23.7
2019/9/17,26.5,31.2,23.2
2019/9/18,25.9,30.3,23.1
2019/9/19,23.4,27.5,20.2
2019/9/20,20.1,24.2,18.1
2019/9/21,22.3,25.3,18.2
2019/9/22,25.5,28.1,22.9
2019/9/23,27.6,32.5,23.8
2019/9/24,23.3,25.1,21.9
2019/9/25,23.5,27.3,20.2
2019/9/26,24.2,28.7,18.6
2019/9/27,25.6,27.7,23.9
2019/9/28,25.6,29.5,22.9
2019/9/29,25.7,29.4,22.3
2019/9/30,26.9,31.4,24.2
2019/10/1,25.2,29.1,22.6
2019/10/2,25.6,28.3,23
2019/10/3,25,26.3,23.1
2019/10/4,25.1,29.2,22
2019/10/5,23.2,27.4,19.4
2019/10/6,22.3,26.1,19.8
2019/10/7,22.6,26.4,17.1
2019/10/8,23.4,25.9,19.8
2019/10/9,19.6,23.3,15.6
2019/10/10,20.9,26.8,14.2
2019/10/11,23.9,26.5,20.6
2019/10/12,22.4,24.3,21.2
2019/10/13,20,22.8,18.3
2019/10/14,20.8,24.9,17.6
2019/10/15,19.2,22,16.3
2019/10/16,17.7,20.9,15.1
2019/10/17,18.6,22.7,14.4
2019/10/18,20.3,22.4,18.7
2019/10/19,22.4,25.7,20.2
2019/10/20,21.3,24.4,18.9
2019/10/21,18.7,19.9,17.7
2019/10/22,21.2,25.8,18.1
2019/10/23,19.8,23.7,16.3
2019/10/24,19.3,21.1,17.7
2019/10/25,19.2,22.2,16.8
2019/10/26,20.3,23.9,17.2
2019/10/27,19.3,23.2,16.7
2019/10/28,18,22.2,14.3
2019/10/29,15.9,19.1,13.6
2019/10/30,17.2,22.4,12.6
2019/10/31,17.5,22.1,14.4
2019/11/1,17.9,23.2,12.6
2019/11/2,16.5,20,13.3
2019/11/3,16.7,20.7,11.8
2019/11/4,16.4,19.4,12.6
2019/11/5,14.2,18.3,11
2019/11/6,13.9,19.5,10
2019/11/7,14.6,20.4,7.9
2019/11/8,15,17.9,11
2019/11/9,14.9,20.1,9.4
2019/11/10,14.9,18.6,12.4
2019/11/11,16.6,22.3,10.9
2019/11/12,17.2,21.1,14
2019/11/13,16.3,21.3,10.5
2019/11/14,14.7,18,9.3
2019/11/15,11.1,16,7.7
2019/11/16,12.8,20.3,6.2
2019/11/17,14.8,19.7,10.6
2019/11/18,19.7,24.2,14
2019/11/19,13.3,18.3,9.3
2019/11/20,11.3,14.5,8.7
2019/11/21,11.1,15.5,7.8
2019/11/22,11.3,13.4,8
2019/11/23,15.2,20.5,12.1
2019/11/24,14.6,17.6,10.5
2019/11/25,15.6,20.6,12.8
2019/11/26,13.2,15.4,12.1
2019/11/27,13.8,16.1,11.3
2019/11/28,10.4,12.7,8.4
2019/11/29,8.5,12.7,4.8
2019/11/30,8.8,12.5,5
2019/12/1,11.5,18.1,3.1
2019/12/2,14.1,18.2,10.3
2019/12/3,9.5,12.3,7.8
2019/12/4,9.6,14.3,5.3
2019/12/5,9.3,13.2,5.9
2019/12/6,8.2,10,6.8
2019/12/7,8.3,10.2,6.5
2019/12/8,9.6,14,5.8
2019/12/9,8.8,13.8,4.4
2019/12/10,9.9,15.4,5.1
2019/12/11,10.1,13.8,6
2019/12/12,10,13.1,6.7
2019/12/13,8.4,13.1,5.1
2019/12/14,9.7,17.4,3.6
2019/12/15,9,11.5,5.5
2019/12/16,8.5,13.2,3.8
2019/12/17,11.6,14.5,8.6
2019/12/18,12.4,16.2,9.4
2019/12/19,10.9,14,8
2019/12/20,10.6,13.4,7.9
2019/12/21,9.4,12.4,6.3
2019/12/22,7.7,10.4,4.5
2019/12/23,9.6,15,5.6
2019/12/24,9.4,12.9,6.4
2019/12/25,9,13.5,3.8
2019/12/26,11.8,13.9,9.3
2019/12/27,9.9,12.5,5.9
2019/12/28,7.9,12.1,4.1
2019/12/29,8.1,11.7,3.4
2019/12/30,12.2,14.3,8.4
2019/12/31,9.8,15.2,5.8